Workbook

Sheet Dashboard
A1: Weight Management Food Tracker
A3: Daily Calorie Target | B3: 2000 | D3: Today | E3: Calories | F3: Protein | G3: Nutrition | H3: Items
A4: Protein Target (g) | B4: 100 | D4: =TODAY() -> 46201 | E4: =SUMIFS('Meal Log'!E:E,'Meal Log'!A:A,D4) -> 1015 | F4: =SUMIFS('Meal Log'!F:F,'Meal Log'!A:A,D4) -> 57 | G4: =IF(H4=0,"",ROUND(SUMIFS('Meal Log'!G:G,'Meal Log'!A:A,D4)/H4,1)) -> 8.7 | H4: =COUNTIF('Meal Log'!A:A,D4) -> 4
A5: Nutrition Score Target | B5: 7
A6: Goal Weight | B6: 170
A7: Current Weight | B7: =IFERROR(LOOKUP(2,1/('Weight Log'!B:B<>""),'Weight Log'!B:B),"")
A8: Weight to Goal | B8: =IF(B7="","",B7-B6)
A9: Last 7-Day Avg Calories | B9: =IFERROR(LOOKUP(2,1/('Daily Summary'!G:G<>""),'Daily Summary'!G:G),"") -> 7-Day Avg Calories
A12: How to use: add reusable foods/nicknames on the Foods tab, then log each meal on Meal Log. Daily Summary and Dashboard update automatically.

Sheet Meal Log
A1: Date | B1: Meal | C1: Food | D1: Quantity | E1: Calories | F1: Protein (g) | G1: Nutrition Points | H1: Notes | I1: Known Food?
A2: 46196 | B2: Breakfast | C2: Cereal with Whole Milk | D2: 1 | E2: =IF($C2="","",IFERROR($D2*VLOOKUP($C2,Foods!$A:$E,3,FALSE),"Add to Foods")) -> 400 | F2: =IF($C2="","",IFERROR($D2*VLOOKUP($C2,Foods!$A:$E,4,FALSE),"Add to Foods")) -> 12 | G2: =IF($C2="","",IFERROR($D2*VLOOKUP($C2,Foods!$A:$E,5,FALSE),"Add to Foods")) -> 6 | I2: =IF($C2="","",IF(COUNTIF(Foods!$A:$A,$C2)>0,"Yes","No - add nickname")) -> Yes
A3: 46196 | B3: Breakfast | C3: Blueberry Protein Shake | D3: 1 | E3: =IF($C3="","",IFERROR($D3*VLOOKUP($C3,Foods!$A:$E,3,FALSE),"Add to Foods")) -> 450 | F3: =IF($C3="","",IFERROR($D3*VLOOKUP($C3,Foods!$A:$E,4,FALSE),"Add to Foods")) -> 35 | G3: =IF($C3="","",IFERROR($D3*VLOOKUP($C3,Foods!$A:$E,5,FALSE),"Add to Foods")) -> 9 | I3: =IF($C3="","",IF(COUNTIF(Foods!$A:$A,$C3)>0,"Yes","No - add nickname")) -> Yes
A4: 46196 | B4: Lunch | C4: PB Banana Sandwich | D4: 1 | E4: =IF($C4="","",IFERROR($D4*VLOOKUP($C4,Foods!$A:$E,3,FALSE),"Add to Foods")) -> 500 | F4: =IF($C4="","",IFERROR($D4*VLOOKUP($C4,Foods!$A:$E,4,FALSE),"Add to Foods")) -> 18 | G4: =IF($C4="","",IFERROR($D4*VLOOKUP($C4,Foods!$A:$E,5,FALSE),"Add to Foods")) -> 7 | I4: =IF($C4="","",IF(COUNTIF(Foods!$A:$A,$C4)>0,"Yes","No - add nickname")) -> Yes
A5: 46196 | B5: Lunch | C5: Leafy greens salad w/cheese | D5: 1 | E5: =IF($C5="","",IFERROR($D5*VLOOKUP($C5,Foods!$A:$E,3,FALSE),"Add to Foods")) -> 60 | F5: =IF($C5="","",IFERROR($D5*VLOOKUP($C5,Foods!$A:$E,4,FALSE),"Add to Foods")) -> 1 | G5: =IF($C5="","",IFERROR($D5*VLOOKUP($C5,Foods!$A:$E,5,FALSE),"Add to Foods")) -> 9 | I5: =IF($C5="","",IF(COUNTIF(Foods!$A:$A,$C5)>0,"Yes","No - add nickname")) -> Yes
A6: 46196 | B6: Lunch | C6: Corn chips and salsa | D6: 1 | E6: =IF($C6="","",IFERROR($D6*VLOOKUP($C6,Foods!$A:$E,3,FALSE),"Add to Foods")) -> 180 | F6: =IF($C6="","",IFERROR($D6*VLOOKUP($C6,Foods!$A:$E,4,FALSE),"Add to Foods")) -> 3 | G6: =IF($C6="","",IFERROR($D6*VLOOKUP($C6,Foods!$A:$E,5,FALSE),"Add to Foods")) -> 4 | I6: Yes
A7: 46196 | B7: Snack | C7: Mixed Nuts & Raisins (1 cup) | D7: 1 | E7: =IF($C7="","",IFERROR($D7*VLOOKUP($C7,Foods!$A:$E,3,FALSE),"Add to Foods")) -> 650 | F7: =IF($C7="","",IFERROR($D7*VLOOKUP($C7,Foods!$A:$E,4,FALSE),"Add to Foods")) -> 18 | G7: =IF($C7="","",IFERROR($D7*VLOOKUP($C7,Foods!$A:$E,5,FALSE),"Add to Foods")) -> 6 | I7: =IF($C7="","",IF(COUNTIF(Foods!$A:$A,$C7)>0,"Yes","No - add nickname")) -> Yes
A8: 46196 | B8: Dinner | C8: Udon Bowl | D8: 1 | E8: =IF($C8="","",IFERROR($D8*VLOOKUP($C8,Foods!$A:$E,3,FALSE),"Add to Foods")) -> 700 | F8: =IF($C8="","",IFERROR($D8*VLOOKUP($C8,Foods!$A:$E,4,FALSE),"Add to Foods")) -> 20 | G8: =IF($C8="","",IFERROR($D8*VLOOKUP($C8,Foods!$A:$E,5,FALSE),"Add to Foods")) -> 5 | I8: =IF($C8="","",IF(COUNTIF(Foods!$A:$A,$C8)>0,"Yes","No - add nickname")) -> Yes
A9: 46196 | B9: Dessert | C9: Apple Pie Slice | D9: 1 | E9: =IF($C9="","",IFERROR($D9*VLOOKUP($C9,Foods!$A:$E,3,FALSE),"Add to Foods")) -> 450 | F9: =IF($C9="","",IFERROR($D9*VLOOKUP($C9,Foods!$A:$E,4,FALSE),"Add to Foods")) -> 3 | G9: =IF($C9="","",IFERROR($D9*VLOOKUP($C9,Foods!$A:$E,5,FALSE),"Add to Foods")) -> 2 | I9: =IF($C9="","",IF(COUNTIF(Foods!$A:$A,$C9)>0,"Yes","No - add nickname")) -> Yes
A10: 46197 | B10: Breakfast | C10: Peach | D10: 1 | E10: =IF($C10="","",IFERROR($D10*VLOOKUP($C10,Foods!$A:$E,3,FALSE),"Add to Foods")) -> 60 | F10: =IF($C10="","",IFERROR($D10*VLOOKUP($C10,Foods!$A:$E,4,FALSE),"Add to Foods")) -> 1 | G10: =IF($C10="","",IFERROR($D10*VLOOKUP($C10,Foods!$A:$E,5,FALSE),"Add to Foods")) -> 9 | I10: =IF($C10="","",IF(COUNTIF(Foods!$A:$A,$C10)>0,"Yes","No - add nickname")) -> Yes
A11: 46197 | B11: Breakfast | C11: Blueberry Protein Shake | D11: 1 | E11: =IF($C11="","",IFERROR($D11*VLOOKUP($C11,Foods!$A:$E,3,FALSE),"Add to Foods")) -> 450 | F11: =IF($C11="","",IFERROR($D11*VLOOKUP($C11,Foods!$A:$E,4,FALSE),"Add to Foods")) -> 35 | G11: =IF($C11="","",IFERROR($D11*VLOOKUP($C11,Foods!$A:$E,5,FALSE),"Add to Foods")) -> 9 | I11: =IF($C11="","",IF(COUNTIF(Foods!$A:$A,$C11)>0,"Yes","No - add nickname")) -> Yes
A12: 46197 | B12: Lunch | C12: Turkey sandwich | D12: 1 | E12: =IF($C12="","",IFERROR($D12*VLOOKUP($C12,Foods!$A:$E,3,FALSE),"Add to Foods")) -> 460 | F12: =IF($C12="","",IFERROR($D12*VLOOKUP($C12,Foods!$A:$E,4,FALSE),"Add to Foods")) -> 29 | G12: =IF($C12="","",IFERROR($D12*VLOOKUP($C12,Foods!$A:$E,5,FALSE),"Add to Foods")) -> 7 | I12: =IF($C12="","",IF(COUNTIF(Foods!$A:$A,$C12)>0,"Yes","No - add nickname")) -> Yes
A13: 46197 | B13: Lunch | C13: Watermelon | D13: 1 | E13: =IF($C13="","",IFERROR($D13*VLOOKUP($C13,Foods!$A:$E,3,FALSE),"Add to Foods")) -> 50 | F13: =IF($C13="","",IFERROR($D13*VLOOKUP($C13,Foods!$A:$E,4,FALSE),"Add to Foods")) -> 1 | G13: =IF($C13="","",IFERROR($D13*VLOOKUP($C13,Foods!$A:$E,5,FALSE),"Add to Foods")) -> 9 | I13: =IF($C13="","",IF(COUNTIF(Foods!$A:$A,$C13)>0,"Yes","No - add nickname")) -> Yes
A14: 46197 | B14: Snack | C14: Olipop | D14: 1 | E14: =IF($C14="","",IFERROR($D14*VLOOKUP($C14,Foods!$A:$E,3,FALSE),"Add to Foods")) -> 40 | F14: =IF($C14="","",IFERROR($D14*VLOOKUP($C14,Foods!$A:$E,4,FALSE),"Add to Foods")) -> 0 | G14: =IF($C14="","",IFERROR($D14*VLOOKUP($C14,Foods!$A:$E,5,FALSE),"Add to Foods")) -> 7 | I14: =IF($C14="","",IF(COUNTIF(Foods!$A:$A,$C14)>0,"Yes","No - add nickname")) -> Yes
A15: 46197 | B15: Dinner | C15: Roasted chicken | D15: 1.5 | E15: =IF($C15="","",IFERROR($D15*VLOOKUP($C15,Foods!$A:$E,3,FALSE),"Add to Foods")) -> 285 | F15: =IF($C15="","",IFERROR($D15*VLOOKUP($C15,Foods!$A:$E,4,FALSE),"Add to Foods")) -> 52.5 | G15: =IF($C15="","",IFERROR($D15*VLOOKUP($C15,Foods!$A:$E,5,FALSE),"Add to Foods")) -> 15 | I15: =IF($C15="","",IF(COUNTIF(Foods!$A:$A,$C15)>0,"Yes","No - add nickname")) -> Yes
A16: 46197 | B16: Dinner | C16: Fingerling potatoes | D16: 2 | E16: =IF($C16="","",IFERROR($D16*VLOOKUP($C16,Foods!$A:$E,3,FALSE),"Add to Foods")) -> 360 | F16: =IF($C16="","",IFERROR($D16*VLOOKUP($C16,Foods!$A:$E,4,FALSE),"Add to Foods")) -> 8 | G16: =IF($C16="","",IFERROR($D16*VLOOKUP($C16,Foods!$A:$E,5,FALSE),"Add to Foods")) -> 16 | I16: =IF($C16="","",IF(COUNTIF(Foods!$A:$A,$C16)>0,"Yes","No - add nickname")) -> Yes
A17: 46197 | B17: Dinner | C17: Broccoli | D17: 1 | E17: =IF($C17="","",IFERROR($D17*VLOOKUP($C17,Foods!$A:$E,3,FALSE),"Add to Foods")) -> 55 | F17: =IF($C17="","",IFERROR($D17*VLOOKUP($C17,Foods!$A:$E,4,FALSE),"Add to Foods")) -> 4 | G17: =IF($C17="","",IFERROR($D17*VLOOKUP($C17,Foods!$A:$E,5,FALSE),"Add to Foods")) -> 10 | I17: =IF($C17="","",IF(COUNTIF(Foods!$A:$A,$C17)>0,"Yes","No - add nickname")) -> Yes
A18: 46197 | B18: Dinner | C18: Plain Whole-Milk Greek Yogurt | D18: 1 | E18: =IF($C18="","",IFERROR($D18*VLOOKUP($C18,Foods!$A:$E,3,FALSE),"Add to Foods")) -> 190 | F18: =IF($C18="","",IFERROR($D18*VLOOKUP($C18,Foods!$A:$E,4,FALSE),"Add to Foods")) -> 18 | G18: =IF($C18="","",IFERROR($D18*VLOOKUP($C18,Foods!$A:$E,5,FALSE),"Add to Foods")) -> 9 | I18: =IF($C18="","",IF(COUNTIF(Foods!$A:$A,$C18)>0,"Yes","No - add nickname")) -> Yes
... A56: 46201 | B56: Lunch | C56: Leafy greens salad w/cheese | D56: 1 | E56: =IF($C56="","",IFERROR($D56*VLOOKUP($C56,Foods!$A:$E,3,FALSE),"Add to Foods")) -> 60 | F56: =IF($C56="","",IFERROR($D56*VLOOKUP($C56,Foods!$A:$E,4,FALSE),"Add to Foods")) -> 1 | G56: =IF($C56="","",IFERROR($D56*VLOOKUP($C56,Foods!$A:$E,5,FALSE),"Add to Foods")) -> 9 | I56: =IF($C56="","",IF(COUNTIF(Foods!$A:$A,$C56)>0,"Yes","No - add nickname")) -> Yes
E57: =IF($C57="","",IFERROR($D57*VLOOKUP($C57,Foods!$A:$E,3,FALSE),"Add to Foods")) | F57: =IF($C57="","",IFERROR($D57*VLOOKUP($C57,Foods!$A:$E,4,FALSE),"Add to Foods")) | G57: =IF($C57="","",IFERROR($D57*VLOOKUP($C57,Foods!$A:$E,5,FALSE),"Add to Foods")) | I57: =IF($C57="","",IF(COUNTIF(Foods!$A:$A,$C57)>0,"Yes","No - add nickname"))
E58: =IF($C58="","",IFERROR($D58*VLOOKUP($C58,Foods!$A:$E,3,FALSE),"Add to Foods")) | F58: =IF($C58="","",IFERROR($D58*VLOOKUP($C58,Foods!$A:$E,4,FALSE),"Add to Foods")) | G58: =IF($C58="","",IFERROR($D58*VLOOKUP($C58,Foods!$A:$E,5,FALSE),"Add to Foods")) | I58: =IF($C58="","",IF(COUNTIF(Foods!$A:$A,$C58)>0,"Yes","No - add nickname"))
E59: =IF($C59="","",IFERROR($D59*VLOOKUP($C59,Foods!$A:$E,3,FALSE),"Add to Foods")) | F59: =IF($C59="","",IFERROR($D59*VLOOKUP($C59,Foods!$A:$E,4,FALSE),"Add to Foods")) | G59: =IF($C59="","",IFERROR($D59*VLOOKUP($C59,Foods!$A:$E,5,FALSE),"Add to Foods")) | I59: =IF($C59="","",IF(COUNTIF(Foods!$A:$A,$C59)>0,"Yes","No - add nickname"))
E60: =IF($C60="","",IFERROR($D60*VLOOKUP($C60,Foods!$A:$E,3,FALSE),"Add to Foods")) | F60: =IF($C60="","",IFERROR($D60*VLOOKUP($C60,Foods!$A:$E,4,FALSE),"Add to Foods")) | G60: =IF($C60="","",IFERROR($D60*VLOOKUP($C60,Foods!$A:$E,5,FALSE),"Add to Foods")) | I60: =IF($C60="","",IF(COUNTIF(Foods!$A:$A,$C60)>0,"Yes","No - add nickname"))
E61: =IF($C61="","",IFERROR($D61*VLOOKUP($C61,Foods!$A:$E,3,FALSE),"Add to Foods")) | F61: =IF($C61="","",IFERROR($D61*VLOOKUP($C61,Foods!$A:$E,4,FALSE),"Add to Foods")) | G61: =IF($C61="","",IFERROR($D61*VLOOKUP($C61,Foods!$A:$E,5,FALSE),"Add to Foods")) | I61: =IF($C61="","",IF(COUNTIF(Foods!$A:$A,$C61)>0,"Yes","No - add nickname"))
E62: =IF($C62="","",IFERROR($D62*VLOOKUP($C62,Foods!$A:$E,3,FALSE),"Add to Foods")) | F62: =IF($C62="","",IFERROR($D62*VLOOKUP($C62,Foods!$A:$E,4,FALSE),"Add to Foods")) | G62: =IF($C62="","",IFERROR($D62*VLOOKUP($C62,Foods!$A:$E,5,FALSE),"Add to Foods")) | I62: =IF($C62="","",IF(COUNTIF(Foods!$A:$A,$C62)>0,"Yes","No - add nickname"))
E63: =IF($C63="","",IFERROR($D63*VLOOKUP($C63,Foods!$A:$E,3,FALSE),"Add to Foods")) | F63: =IF($C63="","",IFERROR($D63*VLOOKUP($C63,Foods!$A:$E,4,FALSE),"Add to Foods")) | G63: =IF($C63="","",IFERROR($D63*VLOOKUP($C63,Foods!$A:$E,5,FALSE),"Add to Foods")) | I63: =IF($C63="","",IF(COUNTIF(Foods!$A:$A,$C63)>0,"Yes","No - add nickname"))
E64: =IF($C64="","",IFERROR($D64*VLOOKUP($C64,Foods!$A:$E,3,FALSE),"Add to Foods")) | F64: =IF($C64="","",IFERROR($D64*VLOOKUP($C64,Foods!$A:$E,4,FALSE),"Add to Foods")) | G64: =IF($C64="","",IFERROR($D64*VLOOKUP($C64,Foods!$A:$E,5,FALSE),"Add to Foods")) | I64: =IF($C64="","",IF(COUNTIF(Foods!$A:$A,$C64)>0,"Yes","No - add nickname"))
E65: =IF($C65="","",IFERROR($D65*VLOOKUP($C65,Foods!$A:$E,3,FALSE),"Add to Foods")) | F65: =IF($C65="","",IFERROR($D65*VLOOKUP($C65,Foods!$A:$E,4,FALSE),"Add to Foods")) | G65: =IF($C65="","",IFERROR($D65*VLOOKUP($C65,Foods!$A:$E,5,FALSE),"Add to Foods")) | I65: =IF($C65="","",IF(COUNTIF(Foods!$A:$A,$C65)>0,"Yes","No - add nickname"))
E66: =IF($C66="","",IFERROR($D66*VLOOKUP($C66,Foods!$A:$E,3,FALSE),"Add to Foods")) | F66: =IF($C66="","",IFERROR($D66*VLOOKUP($C66,Foods!$A:$E,4,FALSE),"Add to Foods")) | G66: =IF($C66="","",IFERROR($D66*VLOOKUP($C66,Foods!$A:$E,5,FALSE),"Add to Foods")) | I66: =IF($C66="","",IF(COUNTIF(Foods!$A:$A,$C66)>0,"Yes","No - add nickname"))
E67: =IF($C67="","",IFERROR($D67*VLOOKUP($C67,Foods!$A:$E,3,FALSE),"Add to Foods")) | F67: =IF($C67="","",IFERROR($D67*VLOOKUP($C67,Foods!$A:$E,4,FALSE),"Add to Foods")) | G67: =IF($C67="","",IFERROR($D67*VLOOKUP($C67,Foods!$A:$E,5,FALSE),"Add to Foods")) | I67: =IF($C67="","",IF(COUNTIF(Foods!$A:$A,$C67)>0,"Yes","No - add nickname"))
E68: =IF($C68="","",IFERROR($D68*VLOOKUP($C68,Foods!$A:$E,3,FALSE),"Add to Foods")) | F68: =IF($C68="","",IFERROR($D68*VLOOKUP($C68,Foods!$A:$E,4,FALSE),"Add to Foods")) | G68: =IF($C68="","",IFERROR($D68*VLOOKUP($C68,Foods!$A:$E,5,FALSE),"Add to Foods")) | I68: =IF($C68="","",IF(COUNTIF(Foods!$A:$A,$C68)>0,"Yes","No - add nickname"))
... E506: =IF($C506="","",IFERROR($D506*VLOOKUP($C506,Foods!$A:$E,3,FALSE),"Add to Foods")) | F506: =IF($C506="","",IFERROR($D506*VLOOKUP($C506,Foods!$A:$E,4,FALSE),"Add to Foods")) | G506: =IF($C506="","",IFERROR($D506*VLOOKUP($C506,Foods!$A:$E,5,FALSE),"Add to Foods")) | I506: =IF($C506="","",IF(COUNTIF(Foods!$A:$A,$C506)>0,"Yes","No - add nickname"))

Sheet Foods
A1: Food Name / Nickname | B1: Serving Description | C1: Calories | D1: Protein (g) | E1: Nutrition Score (1-10) | F1: Satiety Score | G1: Notes
A2: Blueberry Protein Shake | B2: 1 shake: whole milk + protein powder + 1 cup blueberries | C2: 450 | D2: 35 | E2: 9 | G2: Adjust if you change milk amount/type.
A3: PB Sandwich | B3: 1 sandwich on sourdough | C3: 395 | D3: 18 | E3: 7 | G3: Peanut butter amount drives calories.
A4: PB Banana Sandwich | B4: 1 sandwich on sourdough | C4: 500 | D4: 18 | E4: 7 | G4: Peanut butter amount drives calories.
A5: Mixed Nuts & Raisins (1 cup) | B5: 1 cup | C5: 650 | D5: 18 | E5: 6 | G5: Calorie dense; try 1/2 cup when cutting.
A6: Udon Bowl | B6: 1 bowl | C6: 700 | D6: 20 | E6: 5 | G6: Estimate; refine for restaurant/home version.
A7: Apple Pie Slice | B7: 1 large slice | C7: 450 | D7: 3 | E7: 2 | G7: Treat food.
A8: Cereal with Whole Milk | B8: 1 small bowl | C8: 400 | D8: 12 | E8: 6 | G8: Estimate depends on cereal and milk volume.
A9: Black Coffee / Tea / Sparkling Water | B9: 1 drink | C9: 0 | D9: 0 | E9: 10 | G9: Calorie-free beverages.
A10: Banana | B10: 1 medium | C10: 105 | D10: 1 | E10: 8
A11: Apple | B11: 1 medium | C11: 95 | D11: 0 | E11: 8
A12: Peach | B12: 1 medium | C12: 60 | D12: 1 | E12: 9 | F12: 7
A13: Greek Yogurt + Berries | B13: 1 bowl | C13: 250 | D13: 20 | E13: 9 | G13: Good default snack.
A14: Eggs + Toast | B14: 2 eggs + 1 toast | C14: 320 | D14: 18 | E14: 8
A15: Chicken Salad | B15: 1 large salad | C15: 450 | D15: 35 | E15: 9
A16: Rice Bowl with Protein | B16: 1 bowl | C16: 650 | D16: 35 | E16: 7
A17: Pizza Slice | B17: 1 slice | C17: 300 | D17: 12 | E17: 4
A18: Protein Bar | B18: 1 bar | C18: 220 | D18: 20 | E18: 6 | G18: Check label.
A19: Leafy greens salad w/cheese | B19: 1 bowl | C19: 60 | D19: 1 | E19: 9 | F19: 7
A20: Leafy greens salad w/tomatoes | B20: 1 bowl | C20: 40 | D20: 2 | E20: 10 | F20: 5
A21: Corn chips and salsa | B21: 1 small bowl | C21: 180 | D21: 3 | E21: 4 | F21: 3
A22: Plain Nonfat Greek Yogurt | B22: 1 cup | C22: 130 | D22: 23 | E22: 9 | F22: 8
A23: Plain Low-Fat Greek Yogurt | B23: 1 cup | C23: 150 | D23: 20 | E23: 9 | F23: 8
A24: Plain Whole-Milk Greek Yogurt | B24: 1 cup | C24: 190 | D24: 18 | E24: 9 | F24: 8
A25: Plain Regular Yogurt (whole milk) | B25: 1 cup | C25: 150 | D25: 8 | E25: 9 | F25: 8
A26: Turkey sandwich | B26: 1 sandwich | C26: 460 | D26: 29 | E26: 7 | G26: Assumes whole wheat bread, about 2 oz turkey, and 2 slices cheddar or Swiss.
A27: Watermelon | B27: 1 cup diced | C27: 50 | D27: 1 | E27: 9 | G27: Very hydrating, low calorie, good source of vitamins A and C.
A28: Olipop | B28: 1 can | C28: 40 | D28: 0 | E28: 7 | G28: Prebiotics
A29: Roasted chicken | B29: 4 oz cooked, skinless | C29: 190 | D29: 35 | E29: 10 | G29: Excellent lean protein, rich in B vitamins.
A30: Broccoli | B30: 1 cup cooked | C30: 55 | D30: 4 | E30: 10 | G30: High in fiber, vitamin C, vitamin K, and folate.
A31: Fingerling potatoes | B31: 1 cup roasted (about 6 oz) | C31: 180 | D31: 4 | E31: 8 | G31: Good source of potassium and vitamin C; score assumes moderate oil when roasted.
A32: Tamale, black bean and yam | B32: 1 tamale | C32: 400 | D32: 12 | E32: 9
A33: Tamale, chicken | B33: 1 tamale | C33: 400 | D33: 20 | E33: 8.8
A34: Tamale, beef and cheese | B34: 1 tamale | C34: 460 | D34: 21 | E34: 7.8
A35: IPA beer | B35: 1 pint (16 oz) | C35: 250 | D35: 2 | E35: 2
A36: Lager beer | B36: 1 pint (16 oz) | C36: 190 | D36: 2 | E36: 2
A37: Red ale | B37: 1 pint (16 oz) | C37: 210 | D37: 2 | E37: 2
A38: Stout | B38: 1 pint (16 oz) | C38: 220 | D38: 3 | E38: 2
A39: Mango lassi | B39: 12 oz | C39: 320 | D39: 10 | E39: 6
A40: Pepperoni pizza | B40: 1 slice (large) | C40: 320 | D40: 14 | E40: 4
A41: Combo (supreme) pizza | B41: 1 slice (large) | C41: 330 | D41: 15 | E41: 5
A42: Hawaiian pizza | B42: 1 slice (large) | C42: 300 | D42: 14 | E42: 5
A43: Chicken soup | B43: 1 cup | C43: 140 | D43: 12 | E43: 9
... A67: Shokupan (Japanese milk bread) | B67: 1 thick slice | C67: 150 | D67: 5 | E67: 6
A68: Flour tortilla (10") | B68: 1 | C68: 190 | D68: 5 | E68: 5
A69: Corn tortilla (6") | B69: 1 | C69: 60 | D69: 2 | E69: 8
A70: Hummus | B70: 2 Tbsp | C70: 70 | D70: 2 | E70: 9
A71: Avocado | B71: ½ medium | C71: 120 | D71: 2 | E71: 10
A72: Peanut butter | B72: 2 Tbsp | C72: 190 | D72: 7 | E72: 7
A73: Almond butter | B73: 2 Tbsp | C73: 190 | D73: 7 | E73: 8
A74: Ground beef (80%) | B74: 4 oz | C74: 290 | D74: 24 | E74: 6
A75: Ground beef (90%) | B75: 4 oz | C75: 200 | D75: 23 | E75: 8
A76: Ground pork | B76: 4 oz | C76: 300 | D76: 23 | E76: 6
A77: Ground turkey (93%) | B77: 4 oz | C77: 170 | D77: 23 | E77: 9
A78: Ground chicken | B78: 4 oz | C78: 170 | D78: 25 | E78: 9
A79: Turkey slices | B79: 2 oz | C79: 60 | D79: 12 | E79: 8
A80: Ham | B80: 2 oz | C80: 70 | D80: 11 | E80: 7
A81: Roast beef | B81: 2 oz | C81: 80 | D81: 13 | E81: 8
A82: Salami | B82: 2 oz | C82: 230 | D82: 12 | E82: 3
A83: Hamburger (plain) | B83: 1 | C83: 430 | D83: 26 | E83: 5
A84: Cheeseburger | B84: 1 | C84: 520 | D84: 30 | E84: 5
A85: Double cheeseburger | B85: 1 | C85: 740 | D85: 43 | E85: 4
A86: Cheese omelet (2 eggs) | B86: 1 | C86: 250 | D86: 18 | E86: 8
A87: Vegetable omelet (2 eggs) | B87: 1 | C87: 220 | D87: 15 | E87: 9
A88: Denver omelet | B88: 1 | C88: 320 | D88: 22 | E88: 8
A89: Dorayaki | B89: 1 piece | C89: 200 | D89: 4 | E89: 4 | F89: 4 | G89: Japanese snack
A90: Senbei / sembe | B90: 1 serving, ~30 g | C90: 130 | D90: 2 | E90: 3 | F90: 3 | G90: Japanese snack
A91: Mitarashi dango | B91: 1 skewer | C91: 130 | D91: 1 | E91: 3 | F91: 3 | G91: Japanese snack
A92: Sesame dango | B92: 3 pieces | C92: 200 | D92: 5 | E92: 4 | F92: 5 | G92: Japanese snack
A93: Mochi, plain | B93: 1 piece | C93: 100 | D93: 2 | E93: 4 | F93: 4 | G93: Japanese snack
A94: Daifuku mochi | B94: 1 piece | C94: 160 | D94: 3 | E94: 4 | F94: 4 | G94: Japanese snack
A95: Taiyaki, red bean | B95: 1 piece | C95: 230 | D95: 5 | E95: 4 | F95: 5 | G95: Japanese snack
A96: Onigiri, salmon | B96: 1 piece | C96: 200 | D96: 6 | E96: 6 | F96: 6 | G96: Japanese snack / light meal
A97: Pocky | B97: 1 box / pack | C97: 200 | D97: 3 | E97: 2 | F97: 2 | G97: Japanese snack
A98: Mochi ice cream | B98: 1 piece | C98: 100 | D98: 1 | E98: 2 | F98: 2 | G98: Japanese snack / dessert

Sheet Daily Summary
A1: Date | B1: Calories | C1: Protein (g) | D1: Avg Nutrition Score | E1: Items Logged | F1: Weight | G1: 7-Day Avg Calories | H1: 7-Day Avg Weight
A2: ='Meal Log'!$A$2+0 -> 46196 | B2: =IF($A2="","",SUMIFS('Meal Log'!$E:$E,'Meal Log'!$A:$A,$A2)) -> 3390 | C2: =IF($A2="","",SUMIFS('Meal Log'!$F:$F,'Meal Log'!$A:$A,$A2)) -> 110 | D2: =IF($E2=0,"",ROUND(SUMIFS('Meal Log'!$G:$G,'Meal Log'!$A:$A,$A2)/$E2,1)) -> 6 | E2: =COUNTIF('Meal Log'!$A:$A,$A2) -> 8 | F2: 186.4 | G2: =IFERROR(__xludf.DUMMYFUNCTION("IFERROR(ROUND(AVERAGE(FILTER($B$2:$B2,$A$2:$A2>=$A2-6,$B$2:$B2>0)),0),"""")"),3390.0) -> 3390 | H2: =IFERROR(__xludf.DUMMYFUNCTION("IFERROR(ROUND(AVERAGE(FILTER($F$2:$F2,$A$2:$A2>=$A2-6,$F$2:$F2>0)),1),"""")"),186.4) -> 186.4
A3: ='Meal Log'!$A$2+1 -> 46197 | B3: =IF($A3="","",SUMIFS('Meal Log'!$E:$E,'Meal Log'!$A:$A,$A3)) -> 2055 | C3: =IF($A3="","",SUMIFS('Meal Log'!$F:$F,'Meal Log'!$A:$A,$A3)) -> 149.5 | D3: =IF($E3=0,"",ROUND(SUMIFS('Meal Log'!$G:$G,'Meal Log'!$A:$A,$A3)/$E3,1)) -> 9.9 | E3: =COUNTIF('Meal Log'!$A:$A,$A3) -> 10 | F3: 185.2 | G3: =IFERROR(__xludf.DUMMYFUNCTION("IFERROR(ROUND(AVERAGE(FILTER($B$2:$B3,$A$2:$A3>=$A3-6,$B$2:$B3>0)),0),"""")"),2723.0) -> 2723 | H3: =IFERROR(__xludf.DUMMYFUNCTION("IFERROR(ROUND(AVERAGE(FILTER($F$2:$F3,$A$2:$A3>=$A3-6,$F$2:$F3>0)),1),"""")"),185.8) -> 185.8
A4: ='Meal Log'!$A$2+2 -> 46198 | B4: =IF($A4="","",SUMIFS('Meal Log'!$E:$E,'Meal Log'!$A:$A,$A4)) -> 2220 | C4: =IF($A4="","",SUMIFS('Meal Log'!$F:$F,'Meal Log'!$A:$A,$A4)) -> 109 | D4: =IF($E4=0,"",ROUND(SUMIFS('Meal Log'!$G:$G,'Meal Log'!$A:$A,$A4)/$E4,1)) -> 9.8 | E4: =COUNTIF('Meal Log'!$A:$A,$A4) -> 10 | F4: =IFERROR(VLOOKUP($A4,'Weight Log'!$A:$B,2,FALSE),"") -> 184 | G4: =IFERROR(__xludf.DUMMYFUNCTION("IFERROR(ROUND(AVERAGE(FILTER($B$2:$B4,$A$2:$A4>=$A4-6,$B$2:$B4>0)),0),"""")"),2555.0) -> 2555 | H4: =IFERROR(__xludf.DUMMYFUNCTION("IFERROR(ROUND(AVERAGE(FILTER($F$2:$F4,$A$2:$A4>=$A4-6,$F$2:$F4>0)),1),"""")"),185.2) -> 185.2
A5: ='Meal Log'!$A$2+3 -> 46199 | B5: =IF($A5="","",SUMIFS('Meal Log'!$E:$E,'Meal Log'!$A:$A,$A5)) -> 2285 | C5: =IF($A5="","",SUMIFS('Meal Log'!$F:$F,'Meal Log'!$A:$A,$A5)) -> 127.5 | D5: =IF($E5=0,"",ROUND(SUMIFS('Meal Log'!$G:$G,'Meal Log'!$A:$A,$A5)/$E5,1)) -> 9 | E5: =COUNTIF('Meal Log'!$A:$A,$A5) -> 11 | F5: =IFERROR(VLOOKUP($A5,'Weight Log'!$A:$B,2,FALSE),"") | G5: =IFERROR(__xludf.DUMMYFUNCTION("IFERROR(ROUND(AVERAGE(FILTER($B$2:$B5,$A$2:$A5>=$A5-6,$B$2:$B5>0)),0),"""")"),2488.0) -> 2488 | H5: =IFERROR(__xludf.DUMMYFUNCTION("IFERROR(ROUND(AVERAGE(FILTER($F$2:$F5,$A$2:$A5>=$A5-6,$F$2:$F5>0)),1),"""")"),185.2) -> 185.2
A6: ='Meal Log'!$A$2+4 -> 46200 | B6: =IF($A6="","",SUMIFS('Meal Log'!$E:$E,'Meal Log'!$A:$A,$A6)) -> 2030 | C6: =IF($A6="","",SUMIFS('Meal Log'!$F:$F,'Meal Log'!$A:$A,$A6)) -> 124 | D6: =IF($E6=0,"",ROUND(SUMIFS('Meal Log'!$G:$G,'Meal Log'!$A:$A,$A6)/$E6,1)) -> 9.4 | E6: =COUNTIF('Meal Log'!$A:$A,$A6) -> 12 | F6: =IFERROR(VLOOKUP($A6,'Weight Log'!$A:$B,2,FALSE),"") -> 181.8 | G6: =IFERROR(__xludf.DUMMYFUNCTION("IFERROR(ROUND(AVERAGE(FILTER($B$2:$B6,$A$2:$A6>=$A6-6,$B$2:$B6>0)),0),"""")"),2396.0) -> 2396 | H6: =IFERROR(__xludf.DUMMYFUNCTION("IFERROR(ROUND(AVERAGE(FILTER($F$2:$F6,$A$2:$A6>=$A6-6,$F$2:$F6>0)),1),"""")"),184.4) -> 184.4
A7: ='Meal Log'!$A$2+5 -> 46201 | B7: =IF($A7="","",SUMIFS('Meal Log'!$E:$E,'Meal Log'!$A:$A,$A7)) -> 1015 | C7: =IF($A7="","",SUMIFS('Meal Log'!$F:$F,'Meal Log'!$A:$A,$A7)) -> 57 | D7: =IF($E7=0,"",ROUND(SUMIFS('Meal Log'!$G:$G,'Meal Log'!$A:$A,$A7)/$E7,1)) -> 8.7 | E7: =COUNTIF('Meal Log'!$A:$A,$A7) -> 4 | F7: =IFERROR(VLOOKUP($A7,'Weight Log'!$A:$B,2,FALSE),"") | G7: =IFERROR(__xludf.DUMMYFUNCTION("IFERROR(ROUND(AVERAGE(FILTER($B$2:$B7,$A$2:$A7>=$A7-6,$B$2:$B7>0)),0),"""")"),2166.0) -> 2166 | H7: =IFERROR(__xludf.DUMMYFUNCTION("IFERROR(ROUND(AVERAGE(FILTER($F$2:$F7,$A$2:$A7>=$A7-6,$F$2:$F7>0)),1),"""")"),184.4) -> 184.4
A8: ='Meal Log'!$A$2+6 -> 46202 | B8: =IF($A8="","",SUMIFS('Meal Log'!$E:$E,'Meal Log'!$A:$A,$A8)) -> 0 | C8: =IF($A8="","",SUMIFS('Meal Log'!$F:$F,'Meal Log'!$A:$A,$A8)) -> 0 | D8: =IF($E8=0,"",ROUND(SUMIFS('Meal Log'!$G:$G,'Meal Log'!$A:$A,$A8)/$E8,1)) | E8: =COUNTIF('Meal Log'!$A:$A,$A8) -> 0 | F8: =IFERROR(VLOOKUP($A8,'Weight Log'!$A:$B,2,FALSE),"") | G8: =IFERROR(__xludf.DUMMYFUNCTION("IFERROR(ROUND(AVERAGE(FILTER($B$2:$B8,$A$2:$A8>=$A8-6,$B$2:$B8>0)),0),"""")"),2166.0) -> 2166 | H8: =IFERROR(__xludf.DUMMYFUNCTION("IFERROR(ROUND(AVERAGE(FILTER($F$2:$F8,$A$2:$A8>=$A8-6,$F$2:$F8>0)),1),"""")"),184.4) -> 184.4
A9: ='Meal Log'!$A$2+7 -> 46203 | B9: =IF($A9="","",SUMIFS('Meal Log'!$E:$E,'Meal Log'!$A:$A,$A9)) -> 0 | C9: =IF($A9="","",SUMIFS('Meal Log'!$F:$F,'Meal Log'!$A:$A,$A9)) -> 0 | D9: =IF($E9=0,"",ROUND(SUMIFS('Meal Log'!$G:$G,'Meal Log'!$A:$A,$A9)/$E9,1)) | E9: =COUNTIF('Meal Log'!$A:$A,$A9) -> 0 | F9: =IFERROR(VLOOKUP($A9,'Weight Log'!$A:$B,2,FALSE),"") | G9: =IFERROR(__xludf.DUMMYFUNCTION("IFERROR(ROUND(AVERAGE(FILTER($B$2:$B9,$A$2:$A9>=$A9-6,$B$2:$B9>0)),0),"""")"),1921.0) -> 1921 | H9: =IFERROR(__xludf.DUMMYFUNCTION("IFERROR(ROUND(AVERAGE(FILTER($F$2:$F9,$A$2:$A9>=$A9-6,$F$2:$F9>0)),1),"""")"),183.7) -> 183.7
A10: ='Meal Log'!$A$2+8 -> 46204 | B10: =IF($A10="","",SUMIFS('Meal Log'!$E:$E,'Meal Log'!$A:$A,$A10)) -> 0 | C10: =IF($A10="","",SUMIFS('Meal Log'!$F:$F,'Meal Log'!$A:$A,$A10)) -> 0 | D10: =IF($E10=0,"",ROUND(SUMIFS('Meal Log'!$G:$G,'Meal Log'!$A:$A,$A10)/$E10,1)) | E10: =COUNTIF('Meal Log'!$A:$A,$A10) -> 0 | F10: =IFERROR(VLOOKUP($A10,'Weight Log'!$A:$B,2,FALSE),"") | G10: =IFERROR(__xludf.DUMMYFUNCTION("IFERROR(ROUND(AVERAGE(FILTER($B$2:$B10,$A$2:$A10>=$A10-6,$B$2:$B10>0)),0),"""")"),1888.0) -> 1888 | H10: =IFERROR(__xludf.DUMMYFUNCTION("IFERROR(ROUND(AVERAGE(FILTER($F$2:$F10,$A$2:$A10>=$A10-6,$F$2:$F10>0)),1),"""")"),182.9) -> 182.9
A11: ='Meal Log'!$A$2+9 -> 46205 | B11: =IF($A11="","",SUMIFS('Meal Log'!$E:$E,'Meal Log'!$A:$A,$A11)) -> 0 | C11: =IF($A11="","",SUMIFS('Meal Log'!$F:$F,'Meal Log'!$A:$A,$A11)) -> 0 | D11: =IF($E11=0,"",ROUND(SUMIFS('Meal Log'!$G:$G,'Meal Log'!$A:$A,$A11)/$E11,1)) | E11: =COUNTIF('Meal Log'!$A:$A,$A11) -> 0 | F11: =IFERROR(VLOOKUP($A11,'Weight Log'!$A:$B,2,FALSE),"") | G11: =IFERROR(__xludf.DUMMYFUNCTION("IFERROR(ROUND(AVERAGE(FILTER($B$2:$B11,$A$2:$A11>=$A11-6,$B$2:$B11>0)),0),"""")"),1777.0) -> 1777 | H11: =IFERROR(__xludf.DUMMYFUNCTION("IFERROR(ROUND(AVERAGE(FILTER($F$2:$F11,$A$2:$A11>=$A11-6,$F$2:$F11>0)),1),"""")"),181.8) -> 181.8
A12: ='Meal Log'!$A$2+10 -> 46206 | B12: =IF($A12="","",SUMIFS('Meal Log'!$E:$E,'Meal Log'!$A:$A,$A12)) -> 0 | C12: =IF($A12="","",SUMIFS('Meal Log'!$F:$F,'Meal Log'!$A:$A,$A12)) -> 0 | D12: =IF($E12=0,"",ROUND(SUMIFS('Meal Log'!$G:$G,'Meal Log'!$A:$A,$A12)/$E12,1)) | E12: =COUNTIF('Meal Log'!$A:$A,$A12) -> 0 | F12: =IFERROR(VLOOKUP($A12,'Weight Log'!$A:$B,2,FALSE),"") | G12: =IFERROR(__xludf.DUMMYFUNCTION("IFERROR(ROUND(AVERAGE(FILTER($B$2:$B12,$A$2:$A12>=$A12-6,$B$2:$B12>0)),0),"""")"),1523.0) -> 1523 | H12: =IFERROR(__xludf.DUMMYFUNCTION("IFERROR(ROUND(AVERAGE(FILTER($F$2:$F12,$A$2:$A12>=$A12-6,$F$2:$F12>0)),1),"""")"),181.8) -> 181.8
A13: ='Meal Log'!$A$2+11 -> 46207 | B13: =IF($A13="","",SUMIFS('Meal Log'!$E:$E,'Meal Log'!$A:$A,$A13)) -> 0 | C13: =IF($A13="","",SUMIFS('Meal Log'!$F:$F,'Meal Log'!$A:$A,$A13)) -> 0 | D13: =IF($E13=0,"",ROUND(SUMIFS('Meal Log'!$G:$G,'Meal Log'!$A:$A,$A13)/$E13,1)) | E13: =COUNTIF('Meal Log'!$A:$A,$A13) -> 0 | F13: =IFERROR(VLOOKUP($A13,'Weight Log'!$A:$B,2,FALSE),"") | G13: =IFERROR(__xludf.DUMMYFUNCTION("IFERROR(ROUND(AVERAGE(FILTER($B$2:$B13,$A$2:$A13>=$A13-6,$B$2:$B13>0)),0),"""")"),1015.0) -> 1015 | H13: =IFERROR(__xludf.DUMMYFUNCTION("IFERROR(ROUND(AVERAGE(FILTER($F$2:$F13,$A$2:$A13>=$A13-6,$F$2:$F13>0)),1),"""")"),"")
A14: ='Meal Log'!$A$2+12 -> 46208 | B14: =IF($A14="","",SUMIFS('Meal Log'!$E:$E,'Meal Log'!$A:$A,$A14)) -> 0 | C14: =IF($A14="","",SUMIFS('Meal Log'!$F:$F,'Meal Log'!$A:$A,$A14)) -> 0 | D14: =IF($E14=0,"",ROUND(SUMIFS('Meal Log'!$G:$G,'Meal Log'!$A:$A,$A14)/$E14,1)) | E14: =COUNTIF('Meal Log'!$A:$A,$A14) -> 0 | F14: =IFERROR(VLOOKUP($A14,'Weight Log'!$A:$B,2,FALSE),"") | G14: =IFERROR(__xludf.DUMMYFUNCTION("IFERROR(ROUND(AVERAGE(FILTER($B$2:$B14,$A$2:$A14>=$A14-6,$B$2:$B14>0)),0),"""")"),"") | H14: =IFERROR(__xludf.DUMMYFUNCTION("IFERROR(ROUND(AVERAGE(FILTER($F$2:$F14,$A$2:$A14>=$A14-6,$F$2:$F14>0)),1),"""")"),"")
A15: ='Meal Log'!$A$2+13 -> 46209 | B15: =IF($A15="","",SUMIFS('Meal Log'!$E:$E,'Meal Log'!$A:$A,$A15)) -> 0 | C15: =IF($A15="","",SUMIFS('Meal Log'!$F:$F,'Meal Log'!$A:$A,$A15)) -> 0 | D15: =IF($E15=0,"",ROUND(SUMIFS('Meal Log'!$G:$G,'Meal Log'!$A:$A,$A15)/$E15,1)) | E15: =COUNTIF('Meal Log'!$A:$A,$A15) -> 0 | F15: =IFERROR(VLOOKUP($A15,'Weight Log'!$A:$B,2,FALSE),"") | G15: =IFERROR(__xludf.DUMMYFUNCTION("IFERROR(ROUND(AVERAGE(FILTER($B$2:$B15,$A$2:$A15>=$A15-6,$B$2:$B15>0)),0),"""")"),"") | H15: =IFERROR(__xludf.DUMMYFUNCTION("IFERROR(ROUND(AVERAGE(FILTER($F$2:$F15,$A$2:$A15>=$A15-6,$F$2:$F15>0)),1),"""")"),"")
A16: ='Meal Log'!$A$2+14 -> 46210 | B16: =IF($A16="","",SUMIFS('Meal Log'!$E:$E,'Meal Log'!$A:$A,$A16)) -> 0 | C16: =IF($A16="","",SUMIFS('Meal Log'!$F:$F,'Meal Log'!$A:$A,$A16)) -> 0 | D16: =IF($E16=0,"",ROUND(SUMIFS('Meal Log'!$G:$G,'Meal Log'!$A:$A,$A16)/$E16,1)) | E16: =COUNTIF('Meal Log'!$A:$A,$A16) -> 0 | F16: =IFERROR(VLOOKUP($A16,'Weight Log'!$A:$B,2,FALSE),"") | G16: =IFERROR(__xludf.DUMMYFUNCTION("IFERROR(ROUND(AVERAGE(FILTER($B$2:$B16,$A$2:$A16>=$A16-6,$B$2:$B16>0)),0),"""")"),"") | H16: =IFERROR(__xludf.DUMMYFUNCTION("IFERROR(ROUND(AVERAGE(FILTER($F$2:$F16,$A$2:$A16>=$A16-6,$F$2:$F16>0)),1),"""")"),"")
A17: ='Meal Log'!$A$2+15 -> 46211 | B17: =IF($A17="","",SUMIFS('Meal Log'!$E:$E,'Meal Log'!$A:$A,$A17)) -> 0 | C17: =IF($A17="","",SUMIFS('Meal Log'!$F:$F,'Meal Log'!$A:$A,$A17)) -> 0 | D17: =IF($E17=0,"",ROUND(SUMIFS('Meal Log'!$G:$G,'Meal Log'!$A:$A,$A17)/$E17,1)) | E17: =COUNTIF('Meal Log'!$A:$A,$A17) -> 0 | F17: =IFERROR(VLOOKUP($A17,'Weight Log'!$A:$B,2,FALSE),"") | G17: =IFERROR(__xludf.DUMMYFUNCTION("IFERROR(ROUND(AVERAGE(FILTER($B$2:$B17,$A$2:$A17>=$A17-6,$B$2:$B17>0)),0),"""")"),"") | H17: =IFERROR(__xludf.DUMMYFUNCTION("IFERROR(ROUND(AVERAGE(FILTER($F$2:$F17,$A$2:$A17>=$A17-6,$F$2:$F17>0)),1),"""")"),"")
A18: ='Meal Log'!$A$2+16 -> 46212 | B18: =IF($A18="","",SUMIFS('Meal Log'!$E:$E,'Meal Log'!$A:$A,$A18)) -> 0 | C18: =IF($A18="","",SUMIFS('Meal Log'!$F:$F,'Meal Log'!$A:$A,$A18)) -> 0 | D18: =IF($E18=0,"",ROUND(SUMIFS('Meal Log'!$G:$G,'Meal Log'!$A:$A,$A18)/$E18,1)) | E18: =COUNTIF('Meal Log'!$A:$A,$A18) -> 0 | F18: =IFERROR(VLOOKUP($A18,'Weight Log'!$A:$B,2,FALSE),"") | G18: =IFERROR(__xludf.DUMMYFUNCTION("IFERROR(ROUND(AVERAGE(FILTER($B$2:$B18,$A$2:$A18>=$A18-6,$B$2:$B18>0)),0),"""")"),"") | H18: =IFERROR(__xludf.DUMMYFUNCTION("IFERROR(ROUND(AVERAGE(FILTER($F$2:$F18,$A$2:$A18>=$A18-6,$F$2:$F18>0)),1),"""")"),"")
A19: ='Meal Log'!$A$2+17 -> 46213 | B19: =IF($A19="","",SUMIFS('Meal Log'!$E:$E,'Meal Log'!$A:$A,$A19)) -> 0 | C19: =IF($A19="","",SUMIFS('Meal Log'!$F:$F,'Meal Log'!$A:$A,$A19)) -> 0 | D19: =IF($E19=0,"",ROUND(SUMIFS('Meal Log'!$G:$G,'Meal Log'!$A:$A,$A19)/$E19,1)) | E19: =COUNTIF('Meal Log'!$A:$A,$A19) -> 0 | F19: =IFERROR(VLOOKUP($A19,'Weight Log'!$A:$B,2,FALSE),"") | G19: =IFERROR(__xludf.DUMMYFUNCTION("IFERROR(ROUND(AVERAGE(FILTER($B$2:$B19,$A$2:$A19>=$A19-6,$B$2:$B19>0)),0),"""")"),"") | H19: =IFERROR(__xludf.DUMMYFUNCTION("IFERROR(ROUND(AVERAGE(FILTER($F$2:$F19,$A$2:$A19>=$A19-6,$F$2:$F19>0)),1),"""")"),"")
A20: ='Meal Log'!$A$2+18 -> 46214 | B20: =IF($A20="","",SUMIFS('Meal Log'!$E:$E,'Meal Log'!$A:$A,$A20)) -> 0 | C20: =IF($A20="","",SUMIFS('Meal Log'!$F:$F,'Meal Log'!$A:$A,$A20)) -> 0 | D20: =IF($E20=0,"",ROUND(SUMIFS('Meal Log'!$G:$G,'Meal Log'!$A:$A,$A20)/$E20,1)) | E20: =COUNTIF('Meal Log'!$A:$A,$A20) -> 0 | F20: =IFERROR(VLOOKUP($A20,'Weight Log'!$A:$B,2,FALSE),"") | G20: =IFERROR(__xludf.DUMMYFUNCTION("IFERROR(ROUND(AVERAGE(FILTER($B$2:$B20,$A$2:$A20>=$A20-6,$B$2:$B20>0)),0),"""")"),"") | H20: =IFERROR(__xludf.DUMMYFUNCTION("IFERROR(ROUND(AVERAGE(FILTER($F$2:$F20,$A$2:$A20>=$A20-6,$F$2:$F20>0)),1),"""")"),"")
A21: ='Meal Log'!$A$2+19 -> 46215 | B21: =IF($A21="","",SUMIFS('Meal Log'!$E:$E,'Meal Log'!$A:$A,$A21)) -> 0 | C21: =IF($A21="","",SUMIFS('Meal Log'!$F:$F,'Meal Log'!$A:$A,$A21)) -> 0 | D21: =IF($E21=0,"",ROUND(SUMIFS('Meal Log'!$G:$G,'Meal Log'!$A:$A,$A21)/$E21,1)) | E21: =COUNTIF('Meal Log'!$A:$A,$A21) -> 0 | F21: =IFERROR(VLOOKUP($A21,'Weight Log'!$A:$B,2,FALSE),"") | G21: =IFERROR(__xludf.DUMMYFUNCTION("IFERROR(ROUND(AVERAGE(FILTER($B$2:$B21,$A$2:$A21>=$A21-6,$B$2:$B21>0)),0),"""")"),"") | H21: =IFERROR(__xludf.DUMMYFUNCTION("IFERROR(ROUND(AVERAGE(FILTER($F$2:$F21,$A$2:$A21>=$A21-6,$F$2:$F21>0)),1),"""")"),"")
A22: ='Meal Log'!$A$2+20 -> 46216 | B22: =IF($A22="","",SUMIFS('Meal Log'!$E:$E,'Meal Log'!$A:$A,$A22)) -> 0 | C22: =IF($A22="","",SUMIFS('Meal Log'!$F:$F,'Meal Log'!$A:$A,$A22)) -> 0 | D22: =IF($E22=0,"",ROUND(SUMIFS('Meal Log'!$G:$G,'Meal Log'!$A:$A,$A22)/$E22,1)) | E22: =COUNTIF('Meal Log'!$A:$A,$A22) -> 0 | F22: =IFERROR(VLOOKUP($A22,'Weight Log'!$A:$B,2,FALSE),"") | G22: =IFERROR(__xludf.DUMMYFUNCTION("IFERROR(ROUND(AVERAGE(FILTER($B$2:$B22,$A$2:$A22>=$A22-6,$B$2:$B22>0)),0),"""")"),"") | H22: =IFERROR(__xludf.DUMMYFUNCTION("IFERROR(ROUND(AVERAGE(FILTER($F$2:$F22,$A$2:$A22>=$A22-6,$F$2:$F22>0)),1),"""")"),"")
A23: ='Meal Log'!$A$2+21 -> 46217 | B23: =IF($A23="","",SUMIFS('Meal Log'!$E:$E,'Meal Log'!$A:$A,$A23)) -> 0 | C23: =IF($A23="","",SUMIFS('Meal Log'!$F:$F,'Meal Log'!$A:$A,$A23)) -> 0 | D23: =IF($E23=0,"",ROUND(SUMIFS('Meal Log'!$G:$G,'Meal Log'!$A:$A,$A23)/$E23,1)) | E23: =COUNTIF('Meal Log'!$A:$A,$A23) -> 0 | F23: =IFERROR(VLOOKUP($A23,'Weight Log'!$A:$B,2,FALSE),"") | G23: =IFERROR(__xludf.DUMMYFUNCTION("IFERROR(ROUND(AVERAGE(FILTER($B$2:$B23,$A$2:$A23>=$A23-6,$B$2:$B23>0)),0),"""")"),"") | H23: =IFERROR(__xludf.DUMMYFUNCTION("IFERROR(ROUND(AVERAGE(FILTER($F$2:$F23,$A$2:$A23>=$A23-6,$F$2:$F23>0)),1),"""")"),"")
A24: ='Meal Log'!$A$2+22 -> 46218 | B24: =IF($A24="","",SUMIFS('Meal Log'!$E:$E,'Meal Log'!$A:$A,$A24)) -> 0 | C24: =IF($A24="","",SUMIFS('Meal Log'!$F:$F,'Meal Log'!$A:$A,$A24)) -> 0 | D24: =IF($E24=0,"",ROUND(SUMIFS('Meal Log'!$G:$G,'Meal Log'!$A:$A,$A24)/$E24,1)) | E24: =COUNTIF('Meal Log'!$A:$A,$A24) -> 0 | F24: =IFERROR(VLOOKUP($A24,'Weight Log'!$A:$B,2,FALSE),"") | G24: =IFERROR(__xludf.DUMMYFUNCTION("IFERROR(ROUND(AVERAGE(FILTER($B$2:$B24,$A$2:$A24>=$A24-6,$B$2:$B24>0)),0),"""")"),"") | H24: =IFERROR(__xludf.DUMMYFUNCTION("IFERROR(ROUND(AVERAGE(FILTER($F$2:$F24,$A$2:$A24>=$A24-6,$F$2:$F24>0)),1),"""")"),"")
A25: ='Meal Log'!$A$2+23 -> 46219 | B25: =IF($A25="","",SUMIFS('Meal Log'!$E:$E,'Meal Log'!$A:$A,$A25)) -> 0 | C25: =IF($A25="","",SUMIFS('Meal Log'!$F:$F,'Meal Log'!$A:$A,$A25)) -> 0 | D25: =IF($E25=0,"",ROUND(SUMIFS('Meal Log'!$G:$G,'Meal Log'!$A:$A,$A25)/$E25,1)) | E25: =COUNTIF('Meal Log'!$A:$A,$A25) -> 0 | F25: =IFERROR(VLOOKUP($A25,'Weight Log'!$A:$B,2,FALSE),"") | G25: =IFERROR(__xludf.DUMMYFUNCTION("IFERROR(ROUND(AVERAGE(FILTER($B$2:$B25,$A$2:$A25>=$A25-6,$B$2:$B25>0)),0),"""")"),"") | H25: =IFERROR(__xludf.DUMMYFUNCTION("IFERROR(ROUND(AVERAGE(FILTER($F$2:$F25,$A$2:$A25>=$A25-6,$F$2:$F25>0)),1),"""")"),"")
A26: ='Meal Log'!$A$2+24 -> 46220 | B26: =IF($A26="","",SUMIFS('Meal Log'!$E:$E,'Meal Log'!$A:$A,$A26)) -> 0 | C26: =IF($A26="","",SUMIFS('Meal Log'!$F:$F,'Meal Log'!$A:$A,$A26)) -> 0 | D26: =IF($E26=0,"",ROUND(SUMIFS('Meal Log'!$G:$G,'Meal Log'!$A:$A,$A26)/$E26,1)) | E26: =COUNTIF('Meal Log'!$A:$A,$A26) -> 0 | F26: =IFERROR(VLOOKUP($A26,'Weight Log'!$A:$B,2,FALSE),"") | G26: =IFERROR(__xludf.DUMMYFUNCTION("IFERROR(ROUND(AVERAGE(FILTER($B$2:$B26,$A$2:$A26>=$A26-6,$B$2:$B26>0)),0),"""")"),"") | H26: =IFERROR(__xludf.DUMMYFUNCTION("IFERROR(ROUND(AVERAGE(FILTER($F$2:$F26,$A$2:$A26>=$A26-6,$F$2:$F26>0)),1),"""")"),"")
A27: ='Meal Log'!$A$2+25 -> 46221 | B27: =IF($A27="","",SUMIFS('Meal Log'!$E:$E,'Meal Log'!$A:$A,$A27)) -> 0 | C27: =IF($A27="","",SUMIFS('Meal Log'!$F:$F,'Meal Log'!$A:$A,$A27)) -> 0 | D27: =IF($E27=0,"",ROUND(SUMIFS('Meal Log'!$G:$G,'Meal Log'!$A:$A,$A27)/$E27,1)) | E27: =COUNTIF('Meal Log'!$A:$A,$A27) -> 0 | F27: =IFERROR(VLOOKUP($A27,'Weight Log'!$A:$B,2,FALSE),"") | G27: =IFERROR(__xludf.DUMMYFUNCTION("IFERROR(ROUND(AVERAGE(FILTER($B$2:$B27,$A$2:$A27>=$A27-6,$B$2:$B27>0)),0),"""")"),"") | H27: =IFERROR(__xludf.DUMMYFUNCTION("IFERROR(ROUND(AVERAGE(FILTER($F$2:$F27,$A$2:$A27>=$A27-6,$F$2:$F27>0)),1),"""")"),"")
A28: ='Meal Log'!$A$2+26 -> 46222 | B28: =IF($A28="","",SUMIFS('Meal Log'!$E:$E,'Meal Log'!$A:$A,$A28)) -> 0 | C28: =IF($A28="","",SUMIFS('Meal Log'!$F:$F,'Meal Log'!$A:$A,$A28)) -> 0 | D28: =IF($E28=0,"",ROUND(SUMIFS('Meal Log'!$G:$G,'Meal Log'!$A:$A,$A28)/$E28,1)) | E28: =COUNTIF('Meal Log'!$A:$A,$A28) -> 0 | F28: =IFERROR(VLOOKUP($A28,'Weight Log'!$A:$B,2,FALSE),"") | G28: =IFERROR(__xludf.DUMMYFUNCTION("IFERROR(ROUND(AVERAGE(FILTER($B$2:$B28,$A$2:$A28>=$A28-6,$B$2:$B28>0)),0),"""")"),"") | H28: =IFERROR(__xludf.DUMMYFUNCTION("IFERROR(ROUND(AVERAGE(FILTER($F$2:$F28,$A$2:$A28>=$A28-6,$F$2:$F28>0)),1),"""")"),"")
A29: ='Meal Log'!$A$2+27 -> 46223 | B29: =IF($A29="","",SUMIFS('Meal Log'!$E:$E,'Meal Log'!$A:$A,$A29)) -> 0 | C29: =IF($A29="","",SUMIFS('Meal Log'!$F:$F,'Meal Log'!$A:$A,$A29)) -> 0 | D29: =IF($E29=0,"",ROUND(SUMIFS('Meal Log'!$G:$G,'Meal Log'!$A:$A,$A29)/$E29,1)) | E29: =COUNTIF('Meal Log'!$A:$A,$A29) -> 0 | F29: =IFERROR(VLOOKUP($A29,'Weight Log'!$A:$B,2,FALSE),"") | G29: =IFERROR(__xludf.DUMMYFUNCTION("IFERROR(ROUND(AVERAGE(FILTER($B$2:$B29,$A$2:$A29>=$A29-6,$B$2:$B29>0)),0),"""")"),"") | H29: =IFERROR(__xludf.DUMMYFUNCTION("IFERROR(ROUND(AVERAGE(FILTER($F$2:$F29,$A$2:$A29>=$A29-6,$F$2:$F29>0)),1),"""")"),"")
A30: ='Meal Log'!$A$2+28 -> 46224 | B30: =IF($A30="","",SUMIFS('Meal Log'!$E:$E,'Meal Log'!$A:$A,$A30)) -> 0 | C30: =IF($A30="","",SUMIFS('Meal Log'!$F:$F,'Meal Log'!$A:$A,$A30)) -> 0 | D30: =IF($E30=0,"",ROUND(SUMIFS('Meal Log'!$G:$G,'Meal Log'!$A:$A,$A30)/$E30,1)) | E30: =COUNTIF('Meal Log'!$A:$A,$A30) -> 0 | F30: =IFERROR(VLOOKUP($A30,'Weight Log'!$A:$B,2,FALSE),"") | G30: =IFERROR(__xludf.DUMMYFUNCTION("IFERROR(ROUND(AVERAGE(FILTER($B$2:$B30,$A$2:$A30>=$A30-6,$B$2:$B30>0)),0),"""")"),"") | H30: =IFERROR(__xludf.DUMMYFUNCTION("IFERROR(ROUND(AVERAGE(FILTER($F$2:$F30,$A$2:$A30>=$A30-6,$F$2:$F30>0)),1),"""")"),"")
A31: ='Meal Log'!$A$2+29 -> 46225 | B31: =IF($A31="","",SUMIFS('Meal Log'!$E:$E,'Meal Log'!$A:$A,$A31)) -> 0 | C31: =IF($A31="","",SUMIFS('Meal Log'!$F:$F,'Meal Log'!$A:$A,$A31)) -> 0 | D31: =IF($E31=0,"",ROUND(SUMIFS('Meal Log'!$G:$G,'Meal Log'!$A:$A,$A31)/$E31,1)) | E31: =COUNTIF('Meal Log'!$A:$A,$A31) -> 0 | F31: =IFERROR(VLOOKUP($A31,'Weight Log'!$A:$B,2,FALSE),"") | G31: =IFERROR(__xludf.DUMMYFUNCTION("IFERROR(ROUND(AVERAGE(FILTER($B$2:$B31,$A$2:$A31>=$A31-6,$B$2:$B31>0)),0),"""")"),"") | H31: =IFERROR(__xludf.DUMMYFUNCTION("IFERROR(ROUND(AVERAGE(FILTER($F$2:$F31,$A$2:$A31>=$A31-6,$F$2:$F31>0)),1),"""")"),"")
A32: ='Meal Log'!$A$2+30 -> 46226 | B32: =IF($A32="","",SUMIFS('Meal Log'!$E:$E,'Meal Log'!$A:$A,$A32)) -> 0 | C32: =IF($A32="","",SUMIFS('Meal Log'!$F:$F,'Meal Log'!$A:$A,$A32)) -> 0 | D32: =IF($E32=0,"",ROUND(SUMIFS('Meal Log'!$G:$G,'Meal Log'!$A:$A,$A32)/$E32,1)) | E32: =COUNTIF('Meal Log'!$A:$A,$A32) -> 0 | F32: =IFERROR(VLOOKUP($A32,'Weight Log'!$A:$B,2,FALSE),"") | G32: =IFERROR(__xludf.DUMMYFUNCTION("IFERROR(ROUND(AVERAGE(FILTER($B$2:$B32,$A$2:$A32>=$A32-6,$B$2:$B32>0)),0),"""")"),"") | H32: =IFERROR(__xludf.DUMMYFUNCTION("IFERROR(ROUND(AVERAGE(FILTER($F$2:$F32,$A$2:$A32>=$A32-6,$F$2:$F32>0)),1),"""")"),"")
A33: ='Meal Log'!$A$2+31 -> 46227 | B33: =IF($A33="","",SUMIFS('Meal Log'!$E:$E,'Meal Log'!$A:$A,$A33)) -> 0 | C33: =IF($A33="","",SUMIFS('Meal Log'!$F:$F,'Meal Log'!$A:$A,$A33)) -> 0 | D33: =IF($E33=0,"",ROUND(SUMIFS('Meal Log'!$G:$G,'Meal Log'!$A:$A,$A33)/$E33,1)) | E33: =COUNTIF('Meal Log'!$A:$A,$A33) -> 0 | F33: =IFERROR(VLOOKUP($A33,'Weight Log'!$A:$B,2,FALSE),"") | G33: =IFERROR(__xludf.DUMMYFUNCTION("IFERROR(ROUND(AVERAGE(FILTER($B$2:$B33,$A$2:$A33>=$A33-6,$B$2:$B33>0)),0),"""")"),"") | H33: =IFERROR(__xludf.DUMMYFUNCTION("IFERROR(ROUND(AVERAGE(FILTER($F$2:$F33,$A$2:$A33>=$A33-6,$F$2:$F33>0)),1),"""")"),"")
A34: ='Meal Log'!$A$2+32 -> 46228 | B34: =IF($A34="","",SUMIFS('Meal Log'!$E:$E,'Meal Log'!$A:$A,$A34)) -> 0 | C34: =IF($A34="","",SUMIFS('Meal Log'!$F:$F,'Meal Log'!$A:$A,$A34)) -> 0 | D34: =IF($E34=0,"",ROUND(SUMIFS('Meal Log'!$G:$G,'Meal Log'!$A:$A,$A34)/$E34,1)) | E34: =COUNTIF('Meal Log'!$A:$A,$A34) -> 0 | F34: =IFERROR(VLOOKUP($A34,'Weight Log'!$A:$B,2,FALSE),"") | G34: =IFERROR(__xludf.DUMMYFUNCTION("IFERROR(ROUND(AVERAGE(FILTER($B$2:$B34,$A$2:$A34>=$A34-6,$B$2:$B34>0)),0),"""")"),"") | H34: =IFERROR(__xludf.DUMMYFUNCTION("IFERROR(ROUND(AVERAGE(FILTER($F$2:$F34,$A$2:$A34>=$A34-6,$F$2:$F34>0)),1),"""")"),"")
A35: ='Meal Log'!$A$2+33 -> 46229 | B35: =IF($A35="","",SUMIFS('Meal Log'!$E:$E,'Meal Log'!$A:$A,$A35)) -> 0 | C35: =IF($A35="","",SUMIFS('Meal Log'!$F:$F,'Meal Log'!$A:$A,$A35)) -> 0 | D35: =IF($E35=0,"",ROUND(SUMIFS('Meal Log'!$G:$G,'Meal Log'!$A:$A,$A35)/$E35,1)) | E35: =COUNTIF('Meal Log'!$A:$A,$A35) -> 0 | F35: =IFERROR(VLOOKUP($A35,'Weight Log'!$A:$B,2,FALSE),"") | G35: =IFERROR(__xludf.DUMMYFUNCTION("IFERROR(ROUND(AVERAGE(FILTER($B$2:$B35,$A$2:$A35>=$A35-6,$B$2:$B35>0)),0),"""")"),"") | H35: =IFERROR(__xludf.DUMMYFUNCTION("IFERROR(ROUND(AVERAGE(FILTER($F$2:$F35,$A$2:$A35>=$A35-6,$F$2:$F35>0)),1),"""")"),"")
A36: ='Meal Log'!$A$2+34 -> 46230 | B36: =IF($A36="","",SUMIFS('Meal Log'!$E:$E,'Meal Log'!$A:$A,$A36)) -> 0 | C36: =IF($A36="","",SUMIFS('Meal Log'!$F:$F,'Meal Log'!$A:$A,$A36)) -> 0 | D36: =IF($E36=0,"",ROUND(SUMIFS('Meal Log'!$G:$G,'Meal Log'!$A:$A,$A36)/$E36,1)) | E36: =COUNTIF('Meal Log'!$A:$A,$A36) -> 0 | F36: =IFERROR(VLOOKUP($A36,'Weight Log'!$A:$B,2,FALSE),"") | G36: =IFERROR(__xludf.DUMMYFUNCTION("IFERROR(ROUND(AVERAGE(FILTER($B$2:$B36,$A$2:$A36>=$A36-6,$B$2:$B36>0)),0),"""")"),"") | H36: =IFERROR(__xludf.DUMMYFUNCTION("IFERROR(ROUND(AVERAGE(FILTER($F$2:$F36,$A$2:$A36>=$A36-6,$F$2:$F36>0)),1),"""")"),"")
A37: ='Meal Log'!$A$2+35 -> 46231 | B37: =IF($A37="","",SUMIFS('Meal Log'!$E:$E,'Meal Log'!$A:$A,$A37)) -> 0 | C37: =IF($A37="","",SUMIFS('Meal Log'!$F:$F,'Meal Log'!$A:$A,$A37)) -> 0 | D37: =IF($E37=0,"",ROUND(SUMIFS('Meal Log'!$G:$G,'Meal Log'!$A:$A,$A37)/$E37,1)) | E37: =COUNTIF('Meal Log'!$A:$A,$A37) -> 0 | F37: =IFERROR(VLOOKUP($A37,'Weight Log'!$A:$B,2,FALSE),"") | G37: =IFERROR(__xludf.DUMMYFUNCTION("IFERROR(ROUND(AVERAGE(FILTER($B$2:$B37,$A$2:$A37>=$A37-6,$B$2:$B37>0)),0),"""")"),"") | H37: =IFERROR(__xludf.DUMMYFUNCTION("IFERROR(ROUND(AVERAGE(FILTER($F$2:$F37,$A$2:$A37>=$A37-6,$F$2:$F37>0)),1),"""")"),"")
A38: ='Meal Log'!$A$2+36 -> 46232 | B38: =IF($A38="","",SUMIFS('Meal Log'!$E:$E,'Meal Log'!$A:$A,$A38)) -> 0 | C38: =IF($A38="","",SUMIFS('Meal Log'!$F:$F,'Meal Log'!$A:$A,$A38)) -> 0 | D38: =IF($E38=0,"",ROUND(SUMIFS('Meal Log'!$G:$G,'Meal Log'!$A:$A,$A38)/$E38,1)) | E38: =COUNTIF('Meal Log'!$A:$A,$A38) -> 0 | F38: =IFERROR(VLOOKUP($A38,'Weight Log'!$A:$B,2,FALSE),"") | G38: =IFERROR(__xludf.DUMMYFUNCTION("IFERROR(ROUND(AVERAGE(FILTER($B$2:$B38,$A$2:$A38>=$A38-6,$B$2:$B38>0)),0),"""")"),"") | H38: =IFERROR(__xludf.DUMMYFUNCTION("IFERROR(ROUND(AVERAGE(FILTER($F$2:$F38,$A$2:$A38>=$A38-6,$F$2:$F38>0)),1),"""")"),"")
A39: ='Meal Log'!$A$2+37 -> 46233 | B39: =IF($A39="","",SUMIFS('Meal Log'!$E:$E,'Meal Log'!$A:$A,$A39)) -> 0 | C39: =IF($A39="","",SUMIFS('Meal Log'!$F:$F,'Meal Log'!$A:$A,$A39)) -> 0 | D39: =IF($E39=0,"",ROUND(SUMIFS('Meal Log'!$G:$G,'Meal Log'!$A:$A,$A39)/$E39,1)) | E39: =COUNTIF('Meal Log'!$A:$A,$A39) -> 0 | F39: =IFERROR(VLOOKUP($A39,'Weight Log'!$A:$B,2,FALSE),"") | G39: =IFERROR(__xludf.DUMMYFUNCTION("IFERROR(ROUND(AVERAGE(FILTER($B$2:$B39,$A$2:$A39>=$A39-6,$B$2:$B39>0)),0),"""")"),"") | H39: =IFERROR(__xludf.DUMMYFUNCTION("IFERROR(ROUND(AVERAGE(FILTER($F$2:$F39,$A$2:$A39>=$A39-6,$F$2:$F39>0)),1),"""")"),"")
A40: ='Meal Log'!$A$2+38 -> 46234 | B40: =IF($A40="","",SUMIFS('Meal Log'!$E:$E,'Meal Log'!$A:$A,$A40)) -> 0 | C40: =IF($A40="","",SUMIFS('Meal Log'!$F:$F,'Meal Log'!$A:$A,$A40)) -> 0 | D40: =IF($E40=0,"",ROUND(SUMIFS('Meal Log'!$G:$G,'Meal Log'!$A:$A,$A40)/$E40,1)) | E40: =COUNTIF('Meal Log'!$A:$A,$A40) -> 0 | F40: =IFERROR(VLOOKUP($A40,'Weight Log'!$A:$B,2,FALSE),"") | G40: =IFERROR(__xludf.DUMMYFUNCTION("IFERROR(ROUND(AVERAGE(FILTER($B$2:$B40,$A$2:$A40>=$A40-6,$B$2:$B40>0)),0),"""")"),"") | H40: =IFERROR(__xludf.DUMMYFUNCTION("IFERROR(ROUND(AVERAGE(FILTER($F$2:$F40,$A$2:$A40>=$A40-6,$F$2:$F40>0)),1),"""")"),"")
A41: ='Meal Log'!$A$2+39 -> 46235 | B41: =IF($A41="","",SUMIFS('Meal Log'!$E:$E,'Meal Log'!$A:$A,$A41)) -> 0 | C41: =IF($A41="","",SUMIFS('Meal Log'!$F:$F,'Meal Log'!$A:$A,$A41)) -> 0 | D41: =IF($E41=0,"",ROUND(SUMIFS('Meal Log'!$G:$G,'Meal Log'!$A:$A,$A41)/$E41,1)) | E41: =COUNTIF('Meal Log'!$A:$A,$A41) -> 0 | F41: =IFERROR(VLOOKUP($A41,'Weight Log'!$A:$B,2,FALSE),"") | G41: =IFERROR(__xludf.DUMMYFUNCTION("IFERROR(ROUND(AVERAGE(FILTER($B$2:$B41,$A$2:$A41>=$A41-6,$B$2:$B41>0)),0),"""")"),"") | H41: =IFERROR(__xludf.DUMMYFUNCTION("IFERROR(ROUND(AVERAGE(FILTER($F$2:$F41,$A$2:$A41>=$A41-6,$F$2:$F41>0)),1),"""")"),"")
A42: ='Meal Log'!$A$2+40 -> 46236 | B42: =IF($A42="","",SUMIFS('Meal Log'!$E:$E,'Meal Log'!$A:$A,$A42)) -> 0 | C42: =IF($A42="","",SUMIFS('Meal Log'!$F:$F,'Meal Log'!$A:$A,$A42)) -> 0 | D42: =IF($E42=0,"",ROUND(SUMIFS('Meal Log'!$G:$G,'Meal Log'!$A:$A,$A42)/$E42,1)) | E42: =COUNTIF('Meal Log'!$A:$A,$A42) -> 0 | F42: =IFERROR(VLOOKUP($A42,'Weight Log'!$A:$B,2,FALSE),"") | G42: =IFERROR(__xludf.DUMMYFUNCTION("IFERROR(ROUND(AVERAGE(FILTER($B$2:$B42,$A$2:$A42>=$A42-6,$B$2:$B42>0)),0),"""")"),"") | H42: =IFERROR(__xludf.DUMMYFUNCTION("IFERROR(ROUND(AVERAGE(FILTER($F$2:$F42,$A$2:$A42>=$A42-6,$F$2:$F42>0)),1),"""")"),"")
A43: ='Meal Log'!$A$2+41 -> 46237 | B43: =IF($A43="","",SUMIFS('Meal Log'!$E:$E,'Meal Log'!$A:$A,$A43)) -> 0 | C43: =IF($A43="","",SUMIFS('Meal Log'!$F:$F,'Meal Log'!$A:$A,$A43)) -> 0 | D43: =IF($E43=0,"",ROUND(SUMIFS('Meal Log'!$G:$G,'Meal Log'!$A:$A,$A43)/$E43,1)) | E43: =COUNTIF('Meal Log'!$A:$A,$A43) -> 0 | F43: =IFERROR(VLOOKUP($A43,'Weight Log'!$A:$B,2,FALSE),"") | G43: =IFERROR(__xludf.DUMMYFUNCTION("IFERROR(ROUND(AVERAGE(FILTER($B$2:$B43,$A$2:$A43>=$A43-6,$B$2:$B43>0)),0),"""")"),"") | H43: =IFERROR(__xludf.DUMMYFUNCTION("IFERROR(ROUND(AVERAGE(FILTER($F$2:$F43,$A$2:$A43>=$A43-6,$F$2:$F43>0)),1),"""")"),"")
A44: ='Meal Log'!$A$2+42 -> 46238 | B44: =IF($A44="","",SUMIFS('Meal Log'!$E:$E,'Meal Log'!$A:$A,$A44)) -> 0 | C44: =IF($A44="","",SUMIFS('Meal Log'!$F:$F,'Meal Log'!$A:$A,$A44)) -> 0 | D44: =IF($E44=0,"",ROUND(SUMIFS('Meal Log'!$G:$G,'Meal Log'!$A:$A,$A44)/$E44,1)) | E44: =COUNTIF('Meal Log'!$A:$A,$A44) -> 0 | F44: =IFERROR(VLOOKUP($A44,'Weight Log'!$A:$B,2,FALSE),"") | G44: =IFERROR(__xludf.DUMMYFUNCTION("IFERROR(ROUND(AVERAGE(FILTER($B$2:$B44,$A$2:$A44>=$A44-6,$B$2:$B44>0)),0),"""")"),"") | H44: =IFERROR(__xludf.DUMMYFUNCTION("IFERROR(ROUND(AVERAGE(FILTER($F$2:$F44,$A$2:$A44>=$A44-6,$F$2:$F44>0)),1),"""")"),"")
A45: ='Meal Log'!$A$2+43 -> 46239 | B45: =IF($A45="","",SUMIFS('Meal Log'!$E:$E,'Meal Log'!$A:$A,$A45)) -> 0 | C45: =IF($A45="","",SUMIFS('Meal Log'!$F:$F,'Meal Log'!$A:$A,$A45)) -> 0 | D45: =IF($E45=0,"",ROUND(SUMIFS('Meal Log'!$G:$G,'Meal Log'!$A:$A,$A45)/$E45,1)) | E45: =COUNTIF('Meal Log'!$A:$A,$A45) -> 0 | F45: =IFERROR(VLOOKUP($A45,'Weight Log'!$A:$B,2,FALSE),"") | G45: =IFERROR(__xludf.DUMMYFUNCTION("IFERROR(ROUND(AVERAGE(FILTER($B$2:$B45,$A$2:$A45>=$A45-6,$B$2:$B45>0)),0),"""")"),"") | H45: =IFERROR(__xludf.DUMMYFUNCTION("IFERROR(ROUND(AVERAGE(FILTER($F$2:$F45,$A$2:$A45>=$A45-6,$F$2:$F45>0)),1),"""")"),"")
A46: ='Meal Log'!$A$2+44 -> 46240 | B46: =IF($A46="","",SUMIFS('Meal Log'!$E:$E,'Meal Log'!$A:$A,$A46)) -> 0 | C46: =IF($A46="","",SUMIFS('Meal Log'!$F:$F,'Meal Log'!$A:$A,$A46)) -> 0 | D46: =IF($E46=0,"",ROUND(SUMIFS('Meal Log'!$G:$G,'Meal Log'!$A:$A,$A46)/$E46,1)) | E46: =COUNTIF('Meal Log'!$A:$A,$A46) -> 0 | F46: =IFERROR(VLOOKUP($A46,'Weight Log'!$A:$B,2,FALSE),"") | G46: =IFERROR(__xludf.DUMMYFUNCTION("IFERROR(ROUND(AVERAGE(FILTER($B$2:$B46,$A$2:$A46>=$A46-6,$B$2:$B46>0)),0),"""")"),"") | H46: =IFERROR(__xludf.DUMMYFUNCTION("IFERROR(ROUND(AVERAGE(FILTER($F$2:$F46,$A$2:$A46>=$A46-6,$F$2:$F46>0)),1),"""")"),"")
A47: ='Meal Log'!$A$2+45 -> 46241 | B47: =IF($A47="","",SUMIFS('Meal Log'!$E:$E,'Meal Log'!$A:$A,$A47)) -> 0 | C47: =IF($A47="","",SUMIFS('Meal Log'!$F:$F,'Meal Log'!$A:$A,$A47)) -> 0 | D47: =IF($E47=0,"",ROUND(SUMIFS('Meal Log'!$G:$G,'Meal Log'!$A:$A,$A47)/$E47,1)) | E47: =COUNTIF('Meal Log'!$A:$A,$A47) -> 0 | F47: =IFERROR(VLOOKUP($A47,'Weight Log'!$A:$B,2,FALSE),"") | G47: =IFERROR(__xludf.DUMMYFUNCTION("IFERROR(ROUND(AVERAGE(FILTER($B$2:$B47,$A$2:$A47>=$A47-6,$B$2:$B47>0)),0),"""")"),"") | H47: =IFERROR(__xludf.DUMMYFUNCTION("IFERROR(ROUND(AVERAGE(FILTER($F$2:$F47,$A$2:$A47>=$A47-6,$F$2:$F47>0)),1),"""")"),"")
A48: ='Meal Log'!$A$2+46 -> 46242 | B48: =IF($A48="","",SUMIFS('Meal Log'!$E:$E,'Meal Log'!$A:$A,$A48)) -> 0 | C48: =IF($A48="","",SUMIFS('Meal Log'!$F:$F,'Meal Log'!$A:$A,$A48)) -> 0 | D48: =IF($E48=0,"",ROUND(SUMIFS('Meal Log'!$G:$G,'Meal Log'!$A:$A,$A48)/$E48,1)) | E48: =COUNTIF('Meal Log'!$A:$A,$A48) -> 0 | F48: =IFERROR(VLOOKUP($A48,'Weight Log'!$A:$B,2,FALSE),"") | G48: =IFERROR(__xludf.DUMMYFUNCTION("IFERROR(ROUND(AVERAGE(FILTER($B$2:$B48,$A$2:$A48>=$A48-6,$B$2:$B48>0)),0),"""")"),"") | H48: =IFERROR(__xludf.DUMMYFUNCTION("IFERROR(ROUND(AVERAGE(FILTER($F$2:$F48,$A$2:$A48>=$A48-6,$F$2:$F48>0)),1),"""")"),"")
A49: ='Meal Log'!$A$2+47 -> 46243 | B49: =IF($A49="","",SUMIFS('Meal Log'!$E:$E,'Meal Log'!$A:$A,$A49)) -> 0 | C49: =IF($A49="","",SUMIFS('Meal Log'!$F:$F,'Meal Log'!$A:$A,$A49)) -> 0 | D49: =IF($E49=0,"",ROUND(SUMIFS('Meal Log'!$G:$G,'Meal Log'!$A:$A,$A49)/$E49,1)) | E49: =COUNTIF('Meal Log'!$A:$A,$A49) -> 0 | F49: =IFERROR(VLOOKUP($A49,'Weight Log'!$A:$B,2,FALSE),"") | G49: =IFERROR(__xludf.DUMMYFUNCTION("IFERROR(ROUND(AVERAGE(FILTER($B$2:$B49,$A$2:$A49>=$A49-6,$B$2:$B49>0)),0),"""")"),"") | H49: =IFERROR(__xludf.DUMMYFUNCTION("IFERROR(ROUND(AVERAGE(FILTER($F$2:$F49,$A$2:$A49>=$A49-6,$F$2:$F49>0)),1),"""")"),"")
A50: ='Meal Log'!$A$2+48 -> 46244 | B50: =IF($A50="","",SUMIFS('Meal Log'!$E:$E,'Meal Log'!$A:$A,$A50)) -> 0 | C50: =IF($A50="","",SUMIFS('Meal Log'!$F:$F,'Meal Log'!$A:$A,$A50)) -> 0 | D50: =IF($E50=0,"",ROUND(SUMIFS('Meal Log'!$G:$G,'Meal Log'!$A:$A,$A50)/$E50,1)) | E50: =COUNTIF('Meal Log'!$A:$A,$A50) -> 0 | F50: =IFERROR(VLOOKUP($A50,'Weight Log'!$A:$B,2,FALSE),"") | G50: =IFERROR(__xludf.DUMMYFUNCTION("IFERROR(ROUND(AVERAGE(FILTER($B$2:$B50,$A$2:$A50>=$A50-6,$B$2:$B50>0)),0),"""")"),"") | H50: =IFERROR(__xludf.DUMMYFUNCTION("IFERROR(ROUND(AVERAGE(FILTER($F$2:$F50,$A$2:$A50>=$A50-6,$F$2:$F50>0)),1),"""")"),"")
A51: ='Meal Log'!$A$2+49 -> 46245 | B51: =IF($A51="","",SUMIFS('Meal Log'!$E:$E,'Meal Log'!$A:$A,$A51)) -> 0 | C51: =IF($A51="","",SUMIFS('Meal Log'!$F:$F,'Meal Log'!$A:$A,$A51)) -> 0 | D51: =IF($E51=0,"",ROUND(SUMIFS('Meal Log'!$G:$G,'Meal Log'!$A:$A,$A51)/$E51,1)) | E51: =COUNTIF('Meal Log'!$A:$A,$A51) -> 0 | F51: =IFERROR(VLOOKUP($A51,'Weight Log'!$A:$B,2,FALSE),"") | G51: =IFERROR(__xludf.DUMMYFUNCTION("IFERROR(ROUND(AVERAGE(FILTER($B$2:$B51,$A$2:$A51>=$A51-6,$B$2:$B51>0)),0),"""")"),"") | H51: =IFERROR(__xludf.DUMMYFUNCTION("IFERROR(ROUND(AVERAGE(FILTER($F$2:$F51,$A$2:$A51>=$A51-6,$F$2:$F51>0)),1),"""")"),"")
A52: ='Meal Log'!$A$2+50 -> 46246 | B52: =IF($A52="","",SUMIFS('Meal Log'!$E:$E,'Meal Log'!$A:$A,$A52)) -> 0 | C52: =IF($A52="","",SUMIFS('Meal Log'!$F:$F,'Meal Log'!$A:$A,$A52)) -> 0 | D52: =IF($E52=0,"",ROUND(SUMIFS('Meal Log'!$G:$G,'Meal Log'!$A:$A,$A52)/$E52,1)) | E52: =COUNTIF('Meal Log'!$A:$A,$A52) -> 0 | F52: =IFERROR(VLOOKUP($A52,'Weight Log'!$A:$B,2,FALSE),"") | G52: =IFERROR(__xludf.DUMMYFUNCTION("IFERROR(ROUND(AVERAGE(FILTER($B$2:$B52,$A$2:$A52>=$A52-6,$B$2:$B52>0)),0),"""")"),"") | H52: =IFERROR(__xludf.DUMMYFUNCTION("IFERROR(ROUND(AVERAGE(FILTER($F$2:$F52,$A$2:$A52>=$A52-6,$F$2:$F52>0)),1),"""")"),"")
A53: ='Meal Log'!$A$2+51 -> 46247 | B53: =IF($A53="","",SUMIFS('Meal Log'!$E:$E,'Meal Log'!$A:$A,$A53)) -> 0 | C53: =IF($A53="","",SUMIFS('Meal Log'!$F:$F,'Meal Log'!$A:$A,$A53)) -> 0 | D53: =IF($E53=0,"",ROUND(SUMIFS('Meal Log'!$G:$G,'Meal Log'!$A:$A,$A53)/$E53,1)) | E53: =COUNTIF('Meal Log'!$A:$A,$A53) -> 0 | F53: =IFERROR(VLOOKUP($A53,'Weight Log'!$A:$B,2,FALSE),"") | G53: =IFERROR(__xludf.DUMMYFUNCTION("IFERROR(ROUND(AVERAGE(FILTER($B$2:$B53,$A$2:$A53>=$A53-6,$B$2:$B53>0)),0),"""")"),"") | H53: =IFERROR(__xludf.DUMMYFUNCTION("IFERROR(ROUND(AVERAGE(FILTER($F$2:$F53,$A$2:$A53>=$A53-6,$F$2:$F53>0)),1),"""")"),"")
A54: ='Meal Log'!$A$2+52 -> 46248 | B54: =IF($A54="","",SUMIFS('Meal Log'!$E:$E,'Meal Log'!$A:$A,$A54)) -> 0 | C54: =IF($A54="","",SUMIFS('Meal Log'!$F:$F,'Meal Log'!$A:$A,$A54)) -> 0 | D54: =IF($E54=0,"",ROUND(SUMIFS('Meal Log'!$G:$G,'Meal Log'!$A:$A,$A54)/$E54,1)) | E54: =COUNTIF('Meal Log'!$A:$A,$A54) -> 0 | F54: =IFERROR(VLOOKUP($A54,'Weight Log'!$A:$B,2,FALSE),"") | G54: =IFERROR(__xludf.DUMMYFUNCTION("IFERROR(ROUND(AVERAGE(FILTER($B$2:$B54,$A$2:$A54>=$A54-6,$B$2:$B54>0)),0),"""")"),"") | H54: =IFERROR(__xludf.DUMMYFUNCTION("IFERROR(ROUND(AVERAGE(FILTER($F$2:$F54,$A$2:$A54>=$A54-6,$F$2:$F54>0)),1),"""")"),"")
A55: ='Meal Log'!$A$2+53 -> 46249 | B55: =IF($A55="","",SUMIFS('Meal Log'!$E:$E,'Meal Log'!$A:$A,$A55)) -> 0 | C55: =IF($A55="","",SUMIFS('Meal Log'!$F:$F,'Meal Log'!$A:$A,$A55)) -> 0 | D55: =IF($E55=0,"",ROUND(SUMIFS('Meal Log'!$G:$G,'Meal Log'!$A:$A,$A55)/$E55,1)) | E55: =COUNTIF('Meal Log'!$A:$A,$A55) -> 0 | F55: =IFERROR(VLOOKUP($A55,'Weight Log'!$A:$B,2,FALSE),"") | G55: =IFERROR(__xludf.DUMMYFUNCTION("IFERROR(ROUND(AVERAGE(FILTER($B$2:$B55,$A$2:$A55>=$A55-6,$B$2:$B55>0)),0),"""")"),"") | H55: =IFERROR(__xludf.DUMMYFUNCTION("IFERROR(ROUND(AVERAGE(FILTER($F$2:$F55,$A$2:$A55>=$A55-6,$F$2:$F55>0)),1),"""")"),"")
A56: ='Meal Log'!$A$2+54 -> 46250 | B56: =IF($A56="","",SUMIFS('Meal Log'!$E:$E,'Meal Log'!$A:$A,$A56)) -> 0 | C56: =IF($A56="","",SUMIFS('Meal Log'!$F:$F,'Meal Log'!$A:$A,$A56)) -> 0 | D56: =IF($E56=0,"",ROUND(SUMIFS('Meal Log'!$G:$G,'Meal Log'!$A:$A,$A56)/$E56,1)) | E56: =COUNTIF('Meal Log'!$A:$A,$A56) -> 0 | F56: =IFERROR(VLOOKUP($A56,'Weight Log'!$A:$B,2,FALSE),"") | G56: =IFERROR(__xludf.DUMMYFUNCTION("IFERROR(ROUND(AVERAGE(FILTER($B$2:$B56,$A$2:$A56>=$A56-6,$B$2:$B56>0)),0),"""")"),"") | H56: =IFERROR(__xludf.DUMMYFUNCTION("IFERROR(ROUND(AVERAGE(FILTER($F$2:$F56,$A$2:$A56>=$A56-6,$F$2:$F56>0)),1),"""")"),"")
A57: ='Meal Log'!$A$2+55 -> 46251 | B57: =IF($A57="","",SUMIFS('Meal Log'!$E:$E,'Meal Log'!$A:$A,$A57)) -> 0 | C57: =IF($A57="","",SUMIFS('Meal Log'!$F:$F,'Meal Log'!$A:$A,$A57)) -> 0 | D57: =IF($E57=0,"",ROUND(SUMIFS('Meal Log'!$G:$G,'Meal Log'!$A:$A,$A57)/$E57,1)) | E57: =COUNTIF('Meal Log'!$A:$A,$A57) -> 0 | F57: =IFERROR(VLOOKUP($A57,'Weight Log'!$A:$B,2,FALSE),"") | G57: =IFERROR(__xludf.DUMMYFUNCTION("IFERROR(ROUND(AVERAGE(FILTER($B$2:$B57,$A$2:$A57>=$A57-6,$B$2:$B57>0)),0),"""")"),"") | H57: =IFERROR(__xludf.DUMMYFUNCTION("IFERROR(ROUND(AVERAGE(FILTER($F$2:$F57,$A$2:$A57>=$A57-6,$F$2:$F57>0)),1),"""")"),"")
A58: ='Meal Log'!$A$2+56 -> 46252 | B58: =IF($A58="","",SUMIFS('Meal Log'!$E:$E,'Meal Log'!$A:$A,$A58)) -> 0 | C58: =IF($A58="","",SUMIFS('Meal Log'!$F:$F,'Meal Log'!$A:$A,$A58)) -> 0 | D58: =IF($E58=0,"",ROUND(SUMIFS('Meal Log'!$G:$G,'Meal Log'!$A:$A,$A58)/$E58,1)) | E58: =COUNTIF('Meal Log'!$A:$A,$A58) -> 0 | F58: =IFERROR(VLOOKUP($A58,'Weight Log'!$A:$B,2,FALSE),"") | G58: =IFERROR(__xludf.DUMMYFUNCTION("IFERROR(ROUND(AVERAGE(FILTER($B$2:$B58,$A$2:$A58>=$A58-6,$B$2:$B58>0)),0),"""")"),"") | H58: =IFERROR(__xludf.DUMMYFUNCTION("IFERROR(ROUND(AVERAGE(FILTER($F$2:$F58,$A$2:$A58>=$A58-6,$F$2:$F58>0)),1),"""")"),"")
A59: ='Meal Log'!$A$2+57 -> 46253 | B59: =IF($A59="","",SUMIFS('Meal Log'!$E:$E,'Meal Log'!$A:$A,$A59)) -> 0 | C59: =IF($A59="","",SUMIFS('Meal Log'!$F:$F,'Meal Log'!$A:$A,$A59)) -> 0 | D59: =IF($E59=0,"",ROUND(SUMIFS('Meal Log'!$G:$G,'Meal Log'!$A:$A,$A59)/$E59,1)) | E59: =COUNTIF('Meal Log'!$A:$A,$A59) -> 0 | F59: =IFERROR(VLOOKUP($A59,'Weight Log'!$A:$B,2,FALSE),"") | G59: =IFERROR(__xludf.DUMMYFUNCTION("IFERROR(ROUND(AVERAGE(FILTER($B$2:$B59,$A$2:$A59>=$A59-6,$B$2:$B59>0)),0),"""")"),"") | H59: =IFERROR(__xludf.DUMMYFUNCTION("IFERROR(ROUND(AVERAGE(FILTER($F$2:$F59,$A$2:$A59>=$A59-6,$F$2:$F59>0)),1),"""")"),"")
A60: ='Meal Log'!$A$2+58 -> 46254 | B60: =IF($A60="","",SUMIFS('Meal Log'!$E:$E,'Meal Log'!$A:$A,$A60)) -> 0 | C60: =IF($A60="","",SUMIFS('Meal Log'!$F:$F,'Meal Log'!$A:$A,$A60)) -> 0 | D60: =IF($E60=0,"",ROUND(SUMIFS('Meal Log'!$G:$G,'Meal Log'!$A:$A,$A60)/$E60,1)) | E60: =COUNTIF('Meal Log'!$A:$A,$A60) -> 0 | F60: =IFERROR(VLOOKUP($A60,'Weight Log'!$A:$B,2,FALSE),"") | G60: =IFERROR(__xludf.DUMMYFUNCTION("IFERROR(ROUND(AVERAGE(FILTER($B$2:$B60,$A$2:$A60>=$A60-6,$B$2:$B60>0)),0),"""")"),"") | H60: =IFERROR(__xludf.DUMMYFUNCTION("IFERROR(ROUND(AVERAGE(FILTER($F$2:$F60,$A$2:$A60>=$A60-6,$F$2:$F60>0)),1),"""")"),"")
A61: ='Meal Log'!$A$2+59 -> 46255 | B61: =IF($A61="","",SUMIFS('Meal Log'!$E:$E,'Meal Log'!$A:$A,$A61)) -> 0 | C61: =IF($A61="","",SUMIFS('Meal Log'!$F:$F,'Meal Log'!$A:$A,$A61)) -> 0 | D61: =IF($E61=0,"",ROUND(SUMIFS('Meal Log'!$G:$G,'Meal Log'!$A:$A,$A61)/$E61,1)) | E61: =COUNTIF('Meal Log'!$A:$A,$A61) -> 0 | F61: =IFERROR(VLOOKUP($A61,'Weight Log'!$A:$B,2,FALSE),"") | G61: =IFERROR(__xludf.DUMMYFUNCTION("IFERROR(ROUND(AVERAGE(FILTER($B$2:$B61,$A$2:$A61>=$A61-6,$B$2:$B61>0)),0),"""")"),"") | H61: =IFERROR(__xludf.DUMMYFUNCTION("IFERROR(ROUND(AVERAGE(FILTER($F$2:$F61,$A$2:$A61>=$A61-6,$F$2:$F61>0)),1),"""")"),"")
A62: ='Meal Log'!$A$2+60 -> 46256 | B62: =IF($A62="","",SUMIFS('Meal Log'!$E:$E,'Meal Log'!$A:$A,$A62)) -> 0 | C62: =IF($A62="","",SUMIFS('Meal Log'!$F:$F,'Meal Log'!$A:$A,$A62)) -> 0 | D62: =IF($E62=0,"",ROUND(SUMIFS('Meal Log'!$G:$G,'Meal Log'!$A:$A,$A62)/$E62,1)) | E62: =COUNTIF('Meal Log'!$A:$A,$A62) -> 0 | F62: =IFERROR(VLOOKUP($A62,'Weight Log'!$A:$B,2,FALSE),"") | G62: =IFERROR(__xludf.DUMMYFUNCTION("IFERROR(ROUND(AVERAGE(FILTER($B$2:$B62,$A$2:$A62>=$A62-6,$B$2:$B62>0)),0),"""")"),"") | H62: =IFERROR(__xludf.DUMMYFUNCTION("IFERROR(ROUND(AVERAGE(FILTER($F$2:$F62,$A$2:$A62>=$A62-6,$F$2:$F62>0)),1),"""")"),"")
A63: ='Meal Log'!$A$2+61 -> 46257 | B63: =IF($A63="","",SUMIFS('Meal Log'!$E:$E,'Meal Log'!$A:$A,$A63)) -> 0 | C63: =IF($A63="","",SUMIFS('Meal Log'!$F:$F,'Meal Log'!$A:$A,$A63)) -> 0 | D63: =IF($E63=0,"",ROUND(SUMIFS('Meal Log'!$G:$G,'Meal Log'!$A:$A,$A63)/$E63,1)) | E63: =COUNTIF('Meal Log'!$A:$A,$A63) -> 0 | F63: =IFERROR(VLOOKUP($A63,'Weight Log'!$A:$B,2,FALSE),"") | G63: =IFERROR(__xludf.DUMMYFUNCTION("IFERROR(ROUND(AVERAGE(FILTER($B$2:$B63,$A$2:$A63>=$A63-6,$B$2:$B63>0)),0),"""")"),"") | H63: =IFERROR(__xludf.DUMMYFUNCTION("IFERROR(ROUND(AVERAGE(FILTER($F$2:$F63,$A$2:$A63>=$A63-6,$F$2:$F63>0)),1),"""")"),"")
A64: ='Meal Log'!$A$2+62 -> 46258 | B64: =IF($A64="","",SUMIFS('Meal Log'!$E:$E,'Meal Log'!$A:$A,$A64)) -> 0 | C64: =IF($A64="","",SUMIFS('Meal Log'!$F:$F,'Meal Log'!$A:$A,$A64)) -> 0 | D64: =IF($E64=0,"",ROUND(SUMIFS('Meal Log'!$G:$G,'Meal Log'!$A:$A,$A64)/$E64,1)) | E64: =COUNTIF('Meal Log'!$A:$A,$A64) -> 0 | F64: =IFERROR(VLOOKUP($A64,'Weight Log'!$A:$B,2,FALSE),"") | G64: =IFERROR(__xludf.DUMMYFUNCTION("IFERROR(ROUND(AVERAGE(FILTER($B$2:$B64,$A$2:$A64>=$A64-6,$B$2:$B64>0)),0),"""")"),"") | H64: =IFERROR(__xludf.DUMMYFUNCTION("IFERROR(ROUND(AVERAGE(FILTER($F$2:$F64,$A$2:$A64>=$A64-6,$F$2:$F64>0)),1),"""")"),"")
A65: ='Meal Log'!$A$2+63 -> 46259 | B65: =IF($A65="","",SUMIFS('Meal Log'!$E:$E,'Meal Log'!$A:$A,$A65)) -> 0 | C65: =IF($A65="","",SUMIFS('Meal Log'!$F:$F,'Meal Log'!$A:$A,$A65)) -> 0 | D65: =IF($E65=0,"",ROUND(SUMIFS('Meal Log'!$G:$G,'Meal Log'!$A:$A,$A65)/$E65,1)) | E65: =COUNTIF('Meal Log'!$A:$A,$A65) -> 0 | F65: =IFERROR(VLOOKUP($A65,'Weight Log'!$A:$B,2,FALSE),"") | G65: =IFERROR(__xludf.DUMMYFUNCTION("IFERROR(ROUND(AVERAGE(FILTER($B$2:$B65,$A$2:$A65>=$A65-6,$B$2:$B65>0)),0),"""")"),"") | H65: =IFERROR(__xludf.DUMMYFUNCTION("IFERROR(ROUND(AVERAGE(FILTER($F$2:$F65,$A$2:$A65>=$A65-6,$F$2:$F65>0)),1),"""")"),"")
A66: ='Meal Log'!$A$2+64 -> 46260 | B66: =IF($A66="","",SUMIFS('Meal Log'!$E:$E,'Meal Log'!$A:$A,$A66)) -> 0 | C66: =IF($A66="","",SUMIFS('Meal Log'!$F:$F,'Meal Log'!$A:$A,$A66)) -> 0 | D66: =IF($E66=0,"",ROUND(SUMIFS('Meal Log'!$G:$G,'Meal Log'!$A:$A,$A66)/$E66,1)) | E66: =COUNTIF('Meal Log'!$A:$A,$A66) -> 0 | F66: =IFERROR(VLOOKUP($A66,'Weight Log'!$A:$B,2,FALSE),"") | G66: =IFERROR(__xludf.DUMMYFUNCTION("IFERROR(ROUND(AVERAGE(FILTER($B$2:$B66,$A$2:$A66>=$A66-6,$B$2:$B66>0)),0),"""")"),"") | H66: =IFERROR(__xludf.DUMMYFUNCTION("IFERROR(ROUND(AVERAGE(FILTER($F$2:$F66,$A$2:$A66>=$A66-6,$F$2:$F66>0)),1),"""")"),"")
A67: ='Meal Log'!$A$2+65 -> 46261 | B67: =IF($A67="","",SUMIFS('Meal Log'!$E:$E,'Meal Log'!$A:$A,$A67)) -> 0 | C67: =IF($A67="","",SUMIFS('Meal Log'!$F:$F,'Meal Log'!$A:$A,$A67)) -> 0 | D67: =IF($E67=0,"",ROUND(SUMIFS('Meal Log'!$G:$G,'Meal Log'!$A:$A,$A67)/$E67,1)) | E67: =COUNTIF('Meal Log'!$A:$A,$A67) -> 0 | F67: =IFERROR(VLOOKUP($A67,'Weight Log'!$A:$B,2,FALSE),"") | G67: =IFERROR(__xludf.DUMMYFUNCTION("IFERROR(ROUND(AVERAGE(FILTER($B$2:$B67,$A$2:$A67>=$A67-6,$B$2:$B67>0)),0),"""")"),"") | H67: =IFERROR(__xludf.DUMMYFUNCTION("IFERROR(ROUND(AVERAGE(FILTER($F$2:$F67,$A$2:$A67>=$A67-6,$F$2:$F67>0)),1),"""")"),"")
A68: ='Meal Log'!$A$2+66 -> 46262 | B68: =IF($A68="","",SUMIFS('Meal Log'!$E:$E,'Meal Log'!$A:$A,$A68)) -> 0 | C68: =IF($A68="","",SUMIFS('Meal Log'!$F:$F,'Meal Log'!$A:$A,$A68)) -> 0 | D68: =IF($E68=0,"",ROUND(SUMIFS('Meal Log'!$G:$G,'Meal Log'!$A:$A,$A68)/$E68,1)) | E68: =COUNTIF('Meal Log'!$A:$A,$A68) -> 0 | F68: =IFERROR(VLOOKUP($A68,'Weight Log'!$A:$B,2,FALSE),"") | G68: =IFERROR(__xludf.DUMMYFUNCTION("IFERROR(ROUND(AVERAGE(FILTER($B$2:$B68,$A$2:$A68>=$A68-6,$B$2:$B68>0)),0),"""")"),"") | H68: =IFERROR(__xludf.DUMMYFUNCTION("IFERROR(ROUND(AVERAGE(FILTER($F$2:$F68,$A$2:$A68>=$A68-6,$F$2:$F68>0)),1),"""")"),"")
A69: ='Meal Log'!$A$2+67 -> 46263 | B69: =IF($A69="","",SUMIFS('Meal Log'!$E:$E,'Meal Log'!$A:$A,$A69)) -> 0 | C69: =IF($A69="","",SUMIFS('Meal Log'!$F:$F,'Meal Log'!$A:$A,$A69)) -> 0 | D69: =IF($E69=0,"",ROUND(SUMIFS('Meal Log'!$G:$G,'Meal Log'!$A:$A,$A69)/$E69,1)) | E69: =COUNTIF('Meal Log'!$A:$A,$A69) -> 0 | F69: =IFERROR(VLOOKUP($A69,'Weight Log'!$A:$B,2,FALSE),"") | G69: =IFERROR(__xludf.DUMMYFUNCTION("IFERROR(ROUND(AVERAGE(FILTER($B$2:$B69,$A$2:$A69>=$A69-6,$B$2:$B69>0)),0),"""")"),"") | H69: =IFERROR(__xludf.DUMMYFUNCTION("IFERROR(ROUND(AVERAGE(FILTER($F$2:$F69,$A$2:$A69>=$A69-6,$F$2:$F69>0)),1),"""")"),"")
A70: ='Meal Log'!$A$2+68 -> 46264 | B70: =IF($A70="","",SUMIFS('Meal Log'!$E:$E,'Meal Log'!$A:$A,$A70)) -> 0 | C70: =IF($A70="","",SUMIFS('Meal Log'!$F:$F,'Meal Log'!$A:$A,$A70)) -> 0 | D70: =IF($E70=0,"",ROUND(SUMIFS('Meal Log'!$G:$G,'Meal Log'!$A:$A,$A70)/$E70,1)) | E70: =COUNTIF('Meal Log'!$A:$A,$A70) -> 0 | F70: =IFERROR(VLOOKUP($A70,'Weight Log'!$A:$B,2,FALSE),"") | G70: =IFERROR(__xludf.DUMMYFUNCTION("IFERROR(ROUND(AVERAGE(FILTER($B$2:$B70,$A$2:$A70>=$A70-6,$B$2:$B70>0)),0),"""")"),"") | H70: =IFERROR(__xludf.DUMMYFUNCTION("IFERROR(ROUND(AVERAGE(FILTER($F$2:$F70,$A$2:$A70>=$A70-6,$F$2:$F70>0)),1),"""")"),"")
A71: ='Meal Log'!$A$2+69 -> 46265 | B71: =IF($A71="","",SUMIFS('Meal Log'!$E:$E,'Meal Log'!$A:$A,$A71)) -> 0 | C71: =IF($A71="","",SUMIFS('Meal Log'!$F:$F,'Meal Log'!$A:$A,$A71)) -> 0 | D71: =IF($E71=0,"",ROUND(SUMIFS('Meal Log'!$G:$G,'Meal Log'!$A:$A,$A71)/$E71,1)) | E71: =COUNTIF('Meal Log'!$A:$A,$A71) -> 0 | F71: =IFERROR(VLOOKUP($A71,'Weight Log'!$A:$B,2,FALSE),"") | G71: =IFERROR(__xludf.DUMMYFUNCTION("IFERROR(ROUND(AVERAGE(FILTER($B$2:$B71,$A$2:$A71>=$A71-6,$B$2:$B71>0)),0),"""")"),"") | H71: =IFERROR(__xludf.DUMMYFUNCTION("IFERROR(ROUND(AVERAGE(FILTER($F$2:$F71,$A$2:$A71>=$A71-6,$F$2:$F71>0)),1),"""")"),"")
A72: ='Meal Log'!$A$2+70 -> 46266 | B72: =IF($A72="","",SUMIFS('Meal Log'!$E:$E,'Meal Log'!$A:$A,$A72)) -> 0 | C72: =IF($A72="","",SUMIFS('Meal Log'!$F:$F,'Meal Log'!$A:$A,$A72)) -> 0 | D72: =IF($E72=0,"",ROUND(SUMIFS('Meal Log'!$G:$G,'Meal Log'!$A:$A,$A72)/$E72,1)) | E72: =COUNTIF('Meal Log'!$A:$A,$A72) -> 0 | F72: =IFERROR(VLOOKUP($A72,'Weight Log'!$A:$B,2,FALSE),"") | G72: =IFERROR(__xludf.DUMMYFUNCTION("IFERROR(ROUND(AVERAGE(FILTER($B$2:$B72,$A$2:$A72>=$A72-6,$B$2:$B72>0)),0),"""")"),"") | H72: =IFERROR(__xludf.DUMMYFUNCTION("IFERROR(ROUND(AVERAGE(FILTER($F$2:$F72,$A$2:$A72>=$A72-6,$F$2:$F72>0)),1),"""")"),"")
A73: ='Meal Log'!$A$2+71 -> 46267 | B73: =IF($A73="","",SUMIFS('Meal Log'!$E:$E,'Meal Log'!$A:$A,$A73)) -> 0 | C73: =IF($A73="","",SUMIFS('Meal Log'!$F:$F,'Meal Log'!$A:$A,$A73)) -> 0 | D73: =IF($E73=0,"",ROUND(SUMIFS('Meal Log'!$G:$G,'Meal Log'!$A:$A,$A73)/$E73,1)) | E73: =COUNTIF('Meal Log'!$A:$A,$A73) -> 0 | F73: =IFERROR(VLOOKUP($A73,'Weight Log'!$A:$B,2,FALSE),"") | G73: =IFERROR(__xludf.DUMMYFUNCTION("IFERROR(ROUND(AVERAGE(FILTER($B$2:$B73,$A$2:$A73>=$A73-6,$B$2:$B73>0)),0),"""")"),"") | H73: =IFERROR(__xludf.DUMMYFUNCTION("IFERROR(ROUND(AVERAGE(FILTER($F$2:$F73,$A$2:$A73>=$A73-6,$F$2:$F73>0)),1),"""")"),"")
A74: ='Meal Log'!$A$2+72 -> 46268 | B74: =IF($A74="","",SUMIFS('Meal Log'!$E:$E,'Meal Log'!$A:$A,$A74)) -> 0 | C74: =IF($A74="","",SUMIFS('Meal Log'!$F:$F,'Meal Log'!$A:$A,$A74)) -> 0 | D74: =IF($E74=0,"",ROUND(SUMIFS('Meal Log'!$G:$G,'Meal Log'!$A:$A,$A74)/$E74,1)) | E74: =COUNTIF('Meal Log'!$A:$A,$A74) -> 0 | F74: =IFERROR(VLOOKUP($A74,'Weight Log'!$A:$B,2,FALSE),"") | G74: =IFERROR(__xludf.DUMMYFUNCTION("IFERROR(ROUND(AVERAGE(FILTER($B$2:$B74,$A$2:$A74>=$A74-6,$B$2:$B74>0)),0),"""")"),"") | H74: =IFERROR(__xludf.DUMMYFUNCTION("IFERROR(ROUND(AVERAGE(FILTER($F$2:$F74,$A$2:$A74>=$A74-6,$F$2:$F74>0)),1),"""")"),"")
A75: ='Meal Log'!$A$2+73 -> 46269 | B75: =IF($A75="","",SUMIFS('Meal Log'!$E:$E,'Meal Log'!$A:$A,$A75)) -> 0 | C75: =IF($A75="","",SUMIFS('Meal Log'!$F:$F,'Meal Log'!$A:$A,$A75)) -> 0 | D75: =IF($E75=0,"",ROUND(SUMIFS('Meal Log'!$G:$G,'Meal Log'!$A:$A,$A75)/$E75,1)) | E75: =COUNTIF('Meal Log'!$A:$A,$A75) -> 0 | F75: =IFERROR(VLOOKUP($A75,'Weight Log'!$A:$B,2,FALSE),"") | G75: =IFERROR(__xludf.DUMMYFUNCTION("IFERROR(ROUND(AVERAGE(FILTER($B$2:$B75,$A$2:$A75>=$A75-6,$B$2:$B75>0)),0),"""")"),"") | H75: =IFERROR(__xludf.DUMMYFUNCTION("IFERROR(ROUND(AVERAGE(FILTER($F$2:$F75,$A$2:$A75>=$A75-6,$F$2:$F75>0)),1),"""")"),"")
A76: ='Meal Log'!$A$2+74 -> 46270 | B76: =IF($A76="","",SUMIFS('Meal Log'!$E:$E,'Meal Log'!$A:$A,$A76)) -> 0 | C76: =IF($A76="","",SUMIFS('Meal Log'!$F:$F,'Meal Log'!$A:$A,$A76)) -> 0 | D76: =IF($E76=0,"",ROUND(SUMIFS('Meal Log'!$G:$G,'Meal Log'!$A:$A,$A76)/$E76,1)) | E76: =COUNTIF('Meal Log'!$A:$A,$A76) -> 0 | F76: =IFERROR(VLOOKUP($A76,'Weight Log'!$A:$B,2,FALSE),"") | G76: =IFERROR(__xludf.DUMMYFUNCTION("IFERROR(ROUND(AVERAGE(FILTER($B$2:$B76,$A$2:$A76>=$A76-6,$B$2:$B76>0)),0),"""")"),"") | H76: =IFERROR(__xludf.DUMMYFUNCTION("IFERROR(ROUND(AVERAGE(FILTER($F$2:$F76,$A$2:$A76>=$A76-6,$F$2:$F76>0)),1),"""")"),"")
A77: ='Meal Log'!$A$2+75 -> 46271 | B77: =IF($A77="","",SUMIFS('Meal Log'!$E:$E,'Meal Log'!$A:$A,$A77)) -> 0 | C77: =IF($A77="","",SUMIFS('Meal Log'!$F:$F,'Meal Log'!$A:$A,$A77)) -> 0 | D77: =IF($E77=0,"",ROUND(SUMIFS('Meal Log'!$G:$G,'Meal Log'!$A:$A,$A77)/$E77,1)) | E77: =COUNTIF('Meal Log'!$A:$A,$A77) -> 0 | F77: =IFERROR(VLOOKUP($A77,'Weight Log'!$A:$B,2,FALSE),"") | G77: =IFERROR(__xludf.DUMMYFUNCTION("IFERROR(ROUND(AVERAGE(FILTER($B$2:$B77,$A$2:$A77>=$A77-6,$B$2:$B77>0)),0),"""")"),"") | H77: =IFERROR(__xludf.DUMMYFUNCTION("IFERROR(ROUND(AVERAGE(FILTER($F$2:$F77,$A$2:$A77>=$A77-6,$F$2:$F77>0)),1),"""")"),"")
A78: ='Meal Log'!$A$2+76 -> 46272 | B78: =IF($A78="","",SUMIFS('Meal Log'!$E:$E,'Meal Log'!$A:$A,$A78)) -> 0 | C78: =IF($A78="","",SUMIFS('Meal Log'!$F:$F,'Meal Log'!$A:$A,$A78)) -> 0 | D78: =IF($E78=0,"",ROUND(SUMIFS('Meal Log'!$G:$G,'Meal Log'!$A:$A,$A78)/$E78,1)) | E78: =COUNTIF('Meal Log'!$A:$A,$A78) -> 0 | F78: =IFERROR(VLOOKUP($A78,'Weight Log'!$A:$B,2,FALSE),"") | G78: =IFERROR(__xludf.DUMMYFUNCTION("IFERROR(ROUND(AVERAGE(FILTER($B$2:$B78,$A$2:$A78>=$A78-6,$B$2:$B78>0)),0),"""")"),"") | H78: =IFERROR(__xludf.DUMMYFUNCTION("IFERROR(ROUND(AVERAGE(FILTER($F$2:$F78,$A$2:$A78>=$A78-6,$F$2:$F78>0)),1),"""")"),"")
A79: ='Meal Log'!$A$2+77 -> 46273 | B79: =IF($A79="","",SUMIFS('Meal Log'!$E:$E,'Meal Log'!$A:$A,$A79)) -> 0 | C79: =IF($A79="","",SUMIFS('Meal Log'!$F:$F,'Meal Log'!$A:$A,$A79)) -> 0 | D79: =IF($E79=0,"",ROUND(SUMIFS('Meal Log'!$G:$G,'Meal Log'!$A:$A,$A79)/$E79,1)) | E79: =COUNTIF('Meal Log'!$A:$A,$A79) -> 0 | F79: =IFERROR(VLOOKUP($A79,'Weight Log'!$A:$B,2,FALSE),"") | G79: =IFERROR(__xludf.DUMMYFUNCTION("IFERROR(ROUND(AVERAGE(FILTER($B$2:$B79,$A$2:$A79>=$A79-6,$B$2:$B79>0)),0),"""")"),"") | H79: =IFERROR(__xludf.DUMMYFUNCTION("IFERROR(ROUND(AVERAGE(FILTER($F$2:$F79,$A$2:$A79>=$A79-6,$F$2:$F79>0)),1),"""")"),"")
A80: ='Meal Log'!$A$2+78 -> 46274 | B80: =IF($A80="","",SUMIFS('Meal Log'!$E:$E,'Meal Log'!$A:$A,$A80)) -> 0 | C80: =IF($A80="","",SUMIFS('Meal Log'!$F:$F,'Meal Log'!$A:$A,$A80)) -> 0 | D80: =IF($E80=0,"",ROUND(SUMIFS('Meal Log'!$G:$G,'Meal Log'!$A:$A,$A80)/$E80,1)) | E80: =COUNTIF('Meal Log'!$A:$A,$A80) -> 0 | F80: =IFERROR(VLOOKUP($A80,'Weight Log'!$A:$B,2,FALSE),"") | G80: =IFERROR(__xludf.DUMMYFUNCTION("IFERROR(ROUND(AVERAGE(FILTER($B$2:$B80,$A$2:$A80>=$A80-6,$B$2:$B80>0)),0),"""")"),"") | H80: =IFERROR(__xludf.DUMMYFUNCTION("IFERROR(ROUND(AVERAGE(FILTER($F$2:$F80,$A$2:$A80>=$A80-6,$F$2:$F80>0)),1),"""")"),"")
A81: ='Meal Log'!$A$2+79 -> 46275 | B81: =IF($A81="","",SUMIFS('Meal Log'!$E:$E,'Meal Log'!$A:$A,$A81)) -> 0 | C81: =IF($A81="","",SUMIFS('Meal Log'!$F:$F,'Meal Log'!$A:$A,$A81)) -> 0 | D81: =IF($E81=0,"",ROUND(SUMIFS('Meal Log'!$G:$G,'Meal Log'!$A:$A,$A81)/$E81,1)) | E81: =COUNTIF('Meal Log'!$A:$A,$A81) -> 0 | F81: =IFERROR(VLOOKUP($A81,'Weight Log'!$A:$B,2,FALSE),"") | G81: =IFERROR(__xludf.DUMMYFUNCTION("IFERROR(ROUND(AVERAGE(FILTER($B$2:$B81,$A$2:$A81>=$A81-6,$B$2:$B81>0)),0),"""")"),"") | H81: =IFERROR(__xludf.DUMMYFUNCTION("IFERROR(ROUND(AVERAGE(FILTER($F$2:$F81,$A$2:$A81>=$A81-6,$F$2:$F81>0)),1),"""")"),"")
A82: ='Meal Log'!$A$2+80 -> 46276 | B82: =IF($A82="","",SUMIFS('Meal Log'!$E:$E,'Meal Log'!$A:$A,$A82)) -> 0 | C82: =IF($A82="","",SUMIFS('Meal Log'!$F:$F,'Meal Log'!$A:$A,$A82)) -> 0 | D82: =IF($E82=0,"",ROUND(SUMIFS('Meal Log'!$G:$G,'Meal Log'!$A:$A,$A82)/$E82,1)) | E82: =COUNTIF('Meal Log'!$A:$A,$A82) -> 0 | F82: =IFERROR(VLOOKUP($A82,'Weight Log'!$A:$B,2,FALSE),"") | G82: =IFERROR(__xludf.DUMMYFUNCTION("IFERROR(ROUND(AVERAGE(FILTER($B$2:$B82,$A$2:$A82>=$A82-6,$B$2:$B82>0)),0),"""")"),"") | H82: =IFERROR(__xludf.DUMMYFUNCTION("IFERROR(ROUND(AVERAGE(FILTER($F$2:$F82,$A$2:$A82>=$A82-6,$F$2:$F82>0)),1),"""")"),"")
A83: ='Meal Log'!$A$2+81 -> 46277 | B83: =IF($A83="","",SUMIFS('Meal Log'!$E:$E,'Meal Log'!$A:$A,$A83)) -> 0 | C83: =IF($A83="","",SUMIFS('Meal Log'!$F:$F,'Meal Log'!$A:$A,$A83)) -> 0 | D83: =IF($E83=0,"",ROUND(SUMIFS('Meal Log'!$G:$G,'Meal Log'!$A:$A,$A83)/$E83,1)) | E83: =COUNTIF('Meal Log'!$A:$A,$A83) -> 0 | F83: =IFERROR(VLOOKUP($A83,'Weight Log'!$A:$B,2,FALSE),"") | G83: =IFERROR(__xludf.DUMMYFUNCTION("IFERROR(ROUND(AVERAGE(FILTER($B$2:$B83,$A$2:$A83>=$A83-6,$B$2:$B83>0)),0),"""")"),"") | H83: =IFERROR(__xludf.DUMMYFUNCTION("IFERROR(ROUND(AVERAGE(FILTER($F$2:$F83,$A$2:$A83>=$A83-6,$F$2:$F83>0)),1),"""")"),"")
A84: ='Meal Log'!$A$2+82 -> 46278 | B84: =IF($A84="","",SUMIFS('Meal Log'!$E:$E,'Meal Log'!$A:$A,$A84)) -> 0 | C84: =IF($A84="","",SUMIFS('Meal Log'!$F:$F,'Meal Log'!$A:$A,$A84)) -> 0 | D84: =IF($E84=0,"",ROUND(SUMIFS('Meal Log'!$G:$G,'Meal Log'!$A:$A,$A84)/$E84,1)) | E84: =COUNTIF('Meal Log'!$A:$A,$A84) -> 0 | F84: =IFERROR(VLOOKUP($A84,'Weight Log'!$A:$B,2,FALSE),"") | G84: =IFERROR(__xludf.DUMMYFUNCTION("IFERROR(ROUND(AVERAGE(FILTER($B$2:$B84,$A$2:$A84>=$A84-6,$B$2:$B84>0)),0),"""")"),"") | H84: =IFERROR(__xludf.DUMMYFUNCTION("IFERROR(ROUND(AVERAGE(FILTER($F$2:$F84,$A$2:$A84>=$A84-6,$F$2:$F84>0)),1),"""")"),"")
A85: ='Meal Log'!$A$2+83 -> 46279 | B85: =IF($A85="","",SUMIFS('Meal Log'!$E:$E,'Meal Log'!$A:$A,$A85)) -> 0 | C85: =IF($A85="","",SUMIFS('Meal Log'!$F:$F,'Meal Log'!$A:$A,$A85)) -> 0 | D85: =IF($E85=0,"",ROUND(SUMIFS('Meal Log'!$G:$G,'Meal Log'!$A:$A,$A85)/$E85,1)) | E85: =COUNTIF('Meal Log'!$A:$A,$A85) -> 0 | F85: =IFERROR(VLOOKUP($A85,'Weight Log'!$A:$B,2,FALSE),"") | G85: =IFERROR(__xludf.DUMMYFUNCTION("IFERROR(ROUND(AVERAGE(FILTER($B$2:$B85,$A$2:$A85>=$A85-6,$B$2:$B85>0)),0),"""")"),"") | H85: =IFERROR(__xludf.DUMMYFUNCTION("IFERROR(ROUND(AVERAGE(FILTER($F$2:$F85,$A$2:$A85>=$A85-6,$F$2:$F85>0)),1),"""")"),"")
A86: ='Meal Log'!$A$2+84 -> 46280 | B86: =IF($A86="","",SUMIFS('Meal Log'!$E:$E,'Meal Log'!$A:$A,$A86)) -> 0 | C86: =IF($A86="","",SUMIFS('Meal Log'!$F:$F,'Meal Log'!$A:$A,$A86)) -> 0 | D86: =IF($E86=0,"",ROUND(SUMIFS('Meal Log'!$G:$G,'Meal Log'!$A:$A,$A86)/$E86,1)) | E86: =COUNTIF('Meal Log'!$A:$A,$A86) -> 0 | F86: =IFERROR(VLOOKUP($A86,'Weight Log'!$A:$B,2,FALSE),"") | G86: =IFERROR(__xludf.DUMMYFUNCTION("IFERROR(ROUND(AVERAGE(FILTER($B$2:$B86,$A$2:$A86>=$A86-6,$B$2:$B86>0)),0),"""")"),"") | H86: =IFERROR(__xludf.DUMMYFUNCTION("IFERROR(ROUND(AVERAGE(FILTER($F$2:$F86,$A$2:$A86>=$A86-6,$F$2:$F86>0)),1),"""")"),"")
A87: ='Meal Log'!$A$2+85 -> 46281 | B87: =IF($A87="","",SUMIFS('Meal Log'!$E:$E,'Meal Log'!$A:$A,$A87)) -> 0 | C87: =IF($A87="","",SUMIFS('Meal Log'!$F:$F,'Meal Log'!$A:$A,$A87)) -> 0 | D87: =IF($E87=0,"",ROUND(SUMIFS('Meal Log'!$G:$G,'Meal Log'!$A:$A,$A87)/$E87,1)) | E87: =COUNTIF('Meal Log'!$A:$A,$A87) -> 0 | F87: =IFERROR(VLOOKUP($A87,'Weight Log'!$A:$B,2,FALSE),"") | G87: =IFERROR(__xludf.DUMMYFUNCTION("IFERROR(ROUND(AVERAGE(FILTER($B$2:$B87,$A$2:$A87>=$A87-6,$B$2:$B87>0)),0),"""")"),"") | H87: =IFERROR(__xludf.DUMMYFUNCTION("IFERROR(ROUND(AVERAGE(FILTER($F$2:$F87,$A$2:$A87>=$A87-6,$F$2:$F87>0)),1),"""")"),"")
A88: ='Meal Log'!$A$2+86 -> 46282 | B88: =IF($A88="","",SUMIFS('Meal Log'!$E:$E,'Meal Log'!$A:$A,$A88)) -> 0 | C88: =IF($A88="","",SUMIFS('Meal Log'!$F:$F,'Meal Log'!$A:$A,$A88)) -> 0 | D88: =IF($E88=0,"",ROUND(SUMIFS('Meal Log'!$G:$G,'Meal Log'!$A:$A,$A88)/$E88,1)) | E88: =COUNTIF('Meal Log'!$A:$A,$A88) -> 0 | F88: =IFERROR(VLOOKUP($A88,'Weight Log'!$A:$B,2,FALSE),"") | G88: =IFERROR(__xludf.DUMMYFUNCTION("IFERROR(ROUND(AVERAGE(FILTER($B$2:$B88,$A$2:$A88>=$A88-6,$B$2:$B88>0)),0),"""")"),"") | H88: =IFERROR(__xludf.DUMMYFUNCTION("IFERROR(ROUND(AVERAGE(FILTER($F$2:$F88,$A$2:$A88>=$A88-6,$F$2:$F88>0)),1),"""")"),"")
A89: ='Meal Log'!$A$2+87 -> 46283 | B89: =IF($A89="","",SUMIFS('Meal Log'!$E:$E,'Meal Log'!$A:$A,$A89)) -> 0 | C89: =IF($A89="","",SUMIFS('Meal Log'!$F:$F,'Meal Log'!$A:$A,$A89)) -> 0 | D89: =IF($E89=0,"",ROUND(SUMIFS('Meal Log'!$G:$G,'Meal Log'!$A:$A,$A89)/$E89,1)) | E89: =COUNTIF('Meal Log'!$A:$A,$A89) -> 0 | F89: =IFERROR(VLOOKUP($A89,'Weight Log'!$A:$B,2,FALSE),"") | G89: =IFERROR(__xludf.DUMMYFUNCTION("IFERROR(ROUND(AVERAGE(FILTER($B$2:$B89,$A$2:$A89>=$A89-6,$B$2:$B89>0)),0),"""")"),"") | H89: =IFERROR(__xludf.DUMMYFUNCTION("IFERROR(ROUND(AVERAGE(FILTER($F$2:$F89,$A$2:$A89>=$A89-6,$F$2:$F89>0)),1),"""")"),"")
A90: ='Meal Log'!$A$2+88 -> 46284 | B90: =IF($A90="","",SUMIFS('Meal Log'!$E:$E,'Meal Log'!$A:$A,$A90)) -> 0 | C90: =IF($A90="","",SUMIFS('Meal Log'!$F:$F,'Meal Log'!$A:$A,$A90)) -> 0 | D90: =IF($E90=0,"",ROUND(SUMIFS('Meal Log'!$G:$G,'Meal Log'!$A:$A,$A90)/$E90,1)) | E90: =COUNTIF('Meal Log'!$A:$A,$A90) -> 0 | F90: =IFERROR(VLOOKUP($A90,'Weight Log'!$A:$B,2,FALSE),"") | G90: =IFERROR(__xludf.DUMMYFUNCTION("IFERROR(ROUND(AVERAGE(FILTER($B$2:$B90,$A$2:$A90>=$A90-6,$B$2:$B90>0)),0),"""")"),"") | H90: =IFERROR(__xludf.DUMMYFUNCTION("IFERROR(ROUND(AVERAGE(FILTER($F$2:$F90,$A$2:$A90>=$A90-6,$F$2:$F90>0)),1),"""")"),"")
A91: ='Meal Log'!$A$2+89 -> 46285 | B91: =IF($A91="","",SUMIFS('Meal Log'!$E:$E,'Meal Log'!$A:$A,$A91)) -> 0 | C91: =IF($A91="","",SUMIFS('Meal Log'!$F:$F,'Meal Log'!$A:$A,$A91)) -> 0 | D91: =IF($E91=0,"",ROUND(SUMIFS('Meal Log'!$G:$G,'Meal Log'!$A:$A,$A91)/$E91,1)) | E91: =COUNTIF('Meal Log'!$A:$A,$A91) -> 0 | F91: =IFERROR(VLOOKUP($A91,'Weight Log'!$A:$B,2,FALSE),"") | G91: =IFERROR(__xludf.DUMMYFUNCTION("IFERROR(ROUND(AVERAGE(FILTER($B$2:$B91,$A$2:$A91>=$A91-6,$B$2:$B91>0)),0),"""")"),"") | H91: =IFERROR(__xludf.DUMMYFUNCTION("IFERROR(ROUND(AVERAGE(FILTER($F$2:$F91,$A$2:$A91>=$A91-6,$F$2:$F91>0)),1),"""")"),"")
A92: ='Meal Log'!$A$2+90 -> 46286 | B92: =IF($A92="","",SUMIFS('Meal Log'!$E:$E,'Meal Log'!$A:$A,$A92)) -> 0 | C92: =IF($A92="","",SUMIFS('Meal Log'!$F:$F,'Meal Log'!$A:$A,$A92)) -> 0 | D92: =IF($E92=0,"",ROUND(SUMIFS('Meal Log'!$G:$G,'Meal Log'!$A:$A,$A92)/$E92,1)) | E92: =COUNTIF('Meal Log'!$A:$A,$A92) -> 0 | F92: =IFERROR(VLOOKUP($A92,'Weight Log'!$A:$B,2,FALSE),"") | G92: =IFERROR(__xludf.DUMMYFUNCTION("IFERROR(ROUND(AVERAGE(FILTER($B$2:$B92,$A$2:$A92>=$A92-6,$B$2:$B92>0)),0),"""")"),"") | H92: =IFERROR(__xludf.DUMMYFUNCTION("IFERROR(ROUND(AVERAGE(FILTER($F$2:$F92,$A$2:$A92>=$A92-6,$F$2:$F92>0)),1),"""")"),"")
A93: ='Meal Log'!$A$2+91 -> 46287 | B93: =IF($A93="","",SUMIFS('Meal Log'!$E:$E,'Meal Log'!$A:$A,$A93)) -> 0 | C93: =IF($A93="","",SUMIFS('Meal Log'!$F:$F,'Meal Log'!$A:$A,$A93)) -> 0 | D93: =IF($E93=0,"",ROUND(SUMIFS('Meal Log'!$G:$G,'Meal Log'!$A:$A,$A93)/$E93,1)) | E93: =COUNTIF('Meal Log'!$A:$A,$A93) -> 0 | F93: =IFERROR(VLOOKUP($A93,'Weight Log'!$A:$B,2,FALSE),"") | G93: =IFERROR(__xludf.DUMMYFUNCTION("IFERROR(ROUND(AVERAGE(FILTER($B$2:$B93,$A$2:$A93>=$A93-6,$B$2:$B93>0)),0),"""")"),"") | H93: =IFERROR(__xludf.DUMMYFUNCTION("IFERROR(ROUND(AVERAGE(FILTER($F$2:$F93,$A$2:$A93>=$A93-6,$F$2:$F93>0)),1),"""")"),"")
A94: ='Meal Log'!$A$2+92 -> 46288 | B94: =IF($A94="","",SUMIFS('Meal Log'!$E:$E,'Meal Log'!$A:$A,$A94)) -> 0 | C94: =IF($A94="","",SUMIFS('Meal Log'!$F:$F,'Meal Log'!$A:$A,$A94)) -> 0 | D94: =IF($E94=0,"",ROUND(SUMIFS('Meal Log'!$G:$G,'Meal Log'!$A:$A,$A94)/$E94,1)) | E94: =COUNTIF('Meal Log'!$A:$A,$A94) -> 0 | F94: =IFERROR(VLOOKUP($A94,'Weight Log'!$A:$B,2,FALSE),"") | G94: =IFERROR(__xludf.DUMMYFUNCTION("IFERROR(ROUND(AVERAGE(FILTER($B$2:$B94,$A$2:$A94>=$A94-6,$B$2:$B94>0)),0),"""")"),"") | H94: =IFERROR(__xludf.DUMMYFUNCTION("IFERROR(ROUND(AVERAGE(FILTER($F$2:$F94,$A$2:$A94>=$A94-6,$F$2:$F94>0)),1),"""")"),"")
A95: ='Meal Log'!$A$2+93 -> 46289 | B95: =IF($A95="","",SUMIFS('Meal Log'!$E:$E,'Meal Log'!$A:$A,$A95)) -> 0 | C95: =IF($A95="","",SUMIFS('Meal Log'!$F:$F,'Meal Log'!$A:$A,$A95)) -> 0 | D95: =IF($E95=0,"",ROUND(SUMIFS('Meal Log'!$G:$G,'Meal Log'!$A:$A,$A95)/$E95,1)) | E95: =COUNTIF('Meal Log'!$A:$A,$A95) -> 0 | F95: =IFERROR(VLOOKUP($A95,'Weight Log'!$A:$B,2,FALSE),"") | G95: =IFERROR(__xludf.DUMMYFUNCTION("IFERROR(ROUND(AVERAGE(FILTER($B$2:$B95,$A$2:$A95>=$A95-6,$B$2:$B95>0)),0),"""")"),"") | H95: =IFERROR(__xludf.DUMMYFUNCTION("IFERROR(ROUND(AVERAGE(FILTER($F$2:$F95,$A$2:$A95>=$A95-6,$F$2:$F95>0)),1),"""")"),"")
A96: ='Meal Log'!$A$2+94 -> 46290 | B96: =IF($A96="","",SUMIFS('Meal Log'!$E:$E,'Meal Log'!$A:$A,$A96)) -> 0 | C96: =IF($A96="","",SUMIFS('Meal Log'!$F:$F,'Meal Log'!$A:$A,$A96)) -> 0 | D96: =IF($E96=0,"",ROUND(SUMIFS('Meal Log'!$G:$G,'Meal Log'!$A:$A,$A96)/$E96,1)) | E96: =COUNTIF('Meal Log'!$A:$A,$A96) -> 0 | F96: =IFERROR(VLOOKUP($A96,'Weight Log'!$A:$B,2,FALSE),"") | G96: =IFERROR(__xludf.DUMMYFUNCTION("IFERROR(ROUND(AVERAGE(FILTER($B$2:$B96,$A$2:$A96>=$A96-6,$B$2:$B96>0)),0),"""")"),"") | H96: =IFERROR(__xludf.DUMMYFUNCTION("IFERROR(ROUND(AVERAGE(FILTER($F$2:$F96,$A$2:$A96>=$A96-6,$F$2:$F96>0)),1),"""")"),"")
A97: ='Meal Log'!$A$2+95 -> 46291 | B97: =IF($A97="","",SUMIFS('Meal Log'!$E:$E,'Meal Log'!$A:$A,$A97)) -> 0 | C97: =IF($A97="","",SUMIFS('Meal Log'!$F:$F,'Meal Log'!$A:$A,$A97)) -> 0 | D97: =IF($E97=0,"",ROUND(SUMIFS('Meal Log'!$G:$G,'Meal Log'!$A:$A,$A97)/$E97,1)) | E97: =COUNTIF('Meal Log'!$A:$A,$A97) -> 0 | F97: =IFERROR(VLOOKUP($A97,'Weight Log'!$A:$B,2,FALSE),"") | G97: =IFERROR(__xludf.DUMMYFUNCTION("IFERROR(ROUND(AVERAGE(FILTER($B$2:$B97,$A$2:$A97>=$A97-6,$B$2:$B97>0)),0),"""")"),"") | H97: =IFERROR(__xludf.DUMMYFUNCTION("IFERROR(ROUND(AVERAGE(FILTER($F$2:$F97,$A$2:$A97>=$A97-6,$F$2:$F97>0)),1),"""")"),"")
A98: ='Meal Log'!$A$2+96 -> 46292 | B98: =IF($A98="","",SUMIFS('Meal Log'!$E:$E,'Meal Log'!$A:$A,$A98)) -> 0 | C98: =IF($A98="","",SUMIFS('Meal Log'!$F:$F,'Meal Log'!$A:$A,$A98)) -> 0 | D98: =IF($E98=0,"",ROUND(SUMIFS('Meal Log'!$G:$G,'Meal Log'!$A:$A,$A98)/$E98,1)) | E98: =COUNTIF('Meal Log'!$A:$A,$A98) -> 0 | F98: =IFERROR(VLOOKUP($A98,'Weight Log'!$A:$B,2,FALSE),"") | G98: =IFERROR(__xludf.DUMMYFUNCTION("IFERROR(ROUND(AVERAGE(FILTER($B$2:$B98,$A$2:$A98>=$A98-6,$B$2:$B98>0)),0),"""")"),"") | H98: =IFERROR(__xludf.DUMMYFUNCTION("IFERROR(ROUND(AVERAGE(FILTER($F$2:$F98,$A$2:$A98>=$A98-6,$F$2:$F98>0)),1),"""")"),"")
A99: ='Meal Log'!$A$2+97 -> 46293 | B99: =IF($A99="","",SUMIFS('Meal Log'!$E:$E,'Meal Log'!$A:$A,$A99)) -> 0 | C99: =IF($A99="","",SUMIFS('Meal Log'!$F:$F,'Meal Log'!$A:$A,$A99)) -> 0 | D99: =IF($E99=0,"",ROUND(SUMIFS('Meal Log'!$G:$G,'Meal Log'!$A:$A,$A99)/$E99,1)) | E99: =COUNTIF('Meal Log'!$A:$A,$A99) -> 0 | F99: =IFERROR(VLOOKUP($A99,'Weight Log'!$A:$B,2,FALSE),"") | G99: =IFERROR(__xludf.DUMMYFUNCTION("IFERROR(ROUND(AVERAGE(FILTER($B$2:$B99,$A$2:$A99>=$A99-6,$B$2:$B99>0)),0),"""")"),"") | H99: =IFERROR(__xludf.DUMMYFUNCTION("IFERROR(ROUND(AVERAGE(FILTER($F$2:$F99,$A$2:$A99>=$A99-6,$F$2:$F99>0)),1),"""")"),"")
A100: ='Meal Log'!$A$2+98 -> 46294 | B100: =IF($A100="","",SUMIFS('Meal Log'!$E:$E,'Meal Log'!$A:$A,$A100)) -> 0 | C100: =IF($A100="","",SUMIFS('Meal Log'!$F:$F,'Meal Log'!$A:$A,$A100)) -> 0 | D100: =IF($E100=0,"",ROUND(SUMIFS('Meal Log'!$G:$G,'Meal Log'!$A:$A,$A100)/$E100,1)) | E100: =COUNTIF('Meal Log'!$A:$A,$A100) -> 0 | F100: =IFERROR(VLOOKUP($A100,'Weight Log'!$A:$B,2,FALSE),"") | G100: =IFERROR(__xludf.DUMMYFUNCTION("IFERROR(ROUND(AVERAGE(FILTER($B$2:$B100,$A$2:$A100>=$A100-6,$B$2:$B100>0)),0),"""")"),"") | H100: =IFERROR(__xludf.DUMMYFUNCTION("IFERROR(ROUND(AVERAGE(FILTER($F$2:$F100,$A$2:$A100>=$A100-6,$F$2:$F100>0)),1),"""")"),"")
...

Sheet Weight Log
A1: Date | B1: Weight | C1: Goal Weight | D1: Notes
A2: 46196 | B2: 186 | C2: 170 | D2: starting point
A3: 46197 | B3: 185
A4: 46198 | B4: 184
A5: 46200 | B5: 181.8

Sheet Instructions
A1: Food Tracker Instructions
A3: 1 | B3: Import this .xlsx into Google Sheets.
A4: 2 | B4: On Foods, define nicknames and calories once, e.g., Blueberry Protein Shake.
A5: 3 | B5: On Meal Log, enter Date, Meal, Food, and Quantity after each meal from your phone.
A6: 4 | B6: Use decimal quantities for partial servings, e.g., 0.5 for half a cup of mixed nuts/raisins.
A7: 5 | B7: If a food is missing, add it to Foods first; the Meal Log will then calculate automatically.
A8: 6 | B8: Update Weight Log whenever you weigh yourself.
A9: 7 | B9: Use Daily Summary and Dashboard to watch weekly calorie average, protein, nutrition score, and weight trend.
A11: Note | B11: Formulas use common Google Sheets/Excel functions such as VLOOKUP, SUMIFS, COUNTIFS, FILTER, LOOKUP, and IFERROR.
A12: Tip | B12: For faster phone entry, create a Google Form later with Date, Meal, Food, Quantity fields connected to Meal Log.
A13: Target | B13: Initial default targets: 2,000 calories/day, 100g protein/day, nutrition score 7+. Adjust based on your weight trend.
